run;repetition;Module;resp:mean;served:count
uniformCQI-0-20171221-09:45:02-3884;0;Network.user[0];0.00083663091248506;55154
uniformCQI-0-20171221-09:45:02-3884;0;Network.user[1];0.00054295166763224;61286
uniformCQI-0-20171221-09:45:02-3884;0;Network.user[2];0.0007571760876068;56287
uniformCQI-0-20171221-09:45:02-3884;0;Network.user[3];0.0030784532227491;40184
uniformCQI-0-20171221-09:45:02-3884;0;Network.user[4];0.0010127473899873;53958
uniformCQI-0-20171221-09:45:02-3884;0;Network.user[5];0.0028674573125895;40210
uniformCQI-0-20171221-09:45:02-3884;0;Network.user[6];0.001415910083498;49808
uniformCQI-0-20171221-09:45:02-3884;0;Network.user[7];0.0029237290658215;40972
uniformCQI-0-20171221-09:45:02-3884;0;Network.user[8];0.0015674310836985;48741
uniformCQI-0-20171221-09:45:02-3884;0;Network.user[9];0.00095241249848614;53832
uniformCQI-1-20171221-09:45:02-1752;1;Network.user[0];0.00057206378157097;60512
uniformCQI-1-20171221-09:45:02-1752;1;Network.user[1];0.00075687693620163;55997
uniformCQI-1-20171221-09:45:02-1752;1;Network.user[2];0.00055390127980126;60856
uniformCQI-1-20171221-09:45:02-1752;1;Network.user[3];0.0029176651728837;40895
uniformCQI-1-20171221-09:45:02-1752;1;Network.user[4];0.0010712338645768;50663
uniformCQI-1-20171221-09:45:02-1752;1;Network.user[5];0.0048742365391013;33061
uniformCQI-1-20171221-09:45:02-1752;1;Network.user[6];0.00068184776673712;57746
uniformCQI-1-20171221-09:45:02-1752;1;Network.user[7];0.00077788782661064;55647
uniformCQI-1-20171221-09:45:02-1752;1;Network.user[8];0.0022579904516004;40780
uniformCQI-1-20171221-09:45:02-1752;1;Network.user[9];0.0017891207655305;44491
uniformCQI-2-20171221-09:45:02-7608;2;Network.user[0];0.00079461494861956;55983
uniformCQI-2-20171221-09:45:02-7608;2;Network.user[1];0.00075083479443529;57230
uniformCQI-2-20171221-09:45:02-7608;2;Network.user[2];0.00055555713134405;60554
uniformCQI-2-20171221-09:45:02-7608;2;Network.user[3];0.0011983759894414;50071
uniformCQI-2-20171221-09:45:02-7608;2;Network.user[4];0.0025118054830555;40534
uniformCQI-2-20171221-09:45:02-7608;2;Network.user[5];0.0018581209514526;45432
uniformCQI-2-20171221-09:45:02-7608;2;Network.user[6];0.00090238178788189;55057
uniformCQI-2-20171221-09:45:02-7608;2;Network.user[7];0.0012502419228751;50066
uniformCQI-2-20171221-09:45:02-7608;2;Network.user[8];0.0008536835762517;54746
uniformCQI-2-20171221-09:45:02-7608;2;Network.user[9];0.0054476049213475;31662
uniformCQI-3-20171221-09:45:02-12696;3;Network.user[0];0.00079166939461122;55604
uniformCQI-3-20171221-09:45:02-12696;3;Network.user[1];0.0018256555023971;46592
uniformCQI-3-20171221-09:45:02-12696;3;Network.user[2];0.0040828643858454;35456
uniformCQI-3-20171221-09:45:02-12696;3;Network.user[3];0.00063320887671249;58922
uniformCQI-3-20171221-09:45:02-12696;3;Network.user[4];0.0024785498039472;41543
uniformCQI-3-20171221-09:45:02-12696;3;Network.user[5];0.00077210115256875;56664
uniformCQI-3-20171221-09:45:02-12696;3;Network.user[6];0.00063717914684845;58706
uniformCQI-3-20171221-09:45:02-12696;3;Network.user[7];0.0029280356137295;40541
uniformCQI-3-20171221-09:45:02-12696;3;Network.user[8];0.0014780297752152;47097
uniformCQI-3-20171221-09:45:02-12696;3;Network.user[9];0.00065823581308815;58378
uniformCQI-4-20171221-09:45:20-9304;4;Network.user[0];0.0016779942084673;45656
uniformCQI-4-20171221-09:45:20-9304;4;Network.user[1];0.00076624267553779;56650
uniformCQI-4-20171221-09:45:20-9304;4;Network.user[2];0.0016420409902459;47084
uniformCQI-4-20171221-09:45:20-9304;4;Network.user[3];0.0058754509146162;30391
uniformCQI-4-20171221-09:45:20-9304;4;Network.user[4];0.0014469186047195;46843
uniformCQI-4-20171221-09:45:20-9304;4;Network.user[5];0.00058242121132531;60404
uniformCQI-4-20171221-09:45:20-9304;4;Network.user[6];0.0007075991196189;56994
uniformCQI-4-20171221-09:45:20-9304;4;Network.user[7];0.00054606354715935;61235
uniformCQI-4-20171221-09:45:20-9304;4;Network.user[8];0.0022264719325985;41998
uniformCQI-4-20171221-09:45:20-9304;4;Network.user[9];0.00084412914073353;54599
uniformCQI-5-20171221-09:45:20-6320;5;Network.user[0];0.0011384145760153;50730
uniformCQI-5-20171221-09:45:20-6320;5;Network.user[1];0.00078251509738287;56337
uniformCQI-5-20171221-09:45:20-6320;5;Network.user[2];0.0043912746103083;34267
uniformCQI-5-20171221-09:45:20-6320;5;Network.user[3];0.00080059843676943;56223
uniformCQI-5-20171221-09:45:20-6320;5;Network.user[4];0.00088872055227468;54376
uniformCQI-5-20171221-09:45:20-6320;5;Network.user[5];0.0034071917950895;38019
uniformCQI-5-20171221-09:45:20-6320;5;Network.user[6];0.0015816557210356;46519
uniformCQI-5-20171221-09:45:20-6320;5;Network.user[7];0.0015420871062857;52011
uniformCQI-5-20171221-09:45:20-6320;5;Network.user[8];0.00096105360535661;53960
uniformCQI-5-20171221-09:45:20-6320;5;Network.user[9];0.0006464159483074;58710
uniformCQI-6-20171221-09:45:20-10216;6;Network.user[0];0.00056413716480631;60548
uniformCQI-6-20171221-09:45:20-10216;6;Network.user[1];0.0045443326565647;33344
uniformCQI-6-20171221-09:45:20-10216;6;Network.user[2];0.0017434138716211;45445
uniformCQI-6-20171221-09:45:20-10216;6;Network.user[3];0.0013648875677623;48934
uniformCQI-6-20171221-09:45:20-10216;6;Network.user[4];0.000903991724504;53703
uniformCQI-6-20171221-09:45:20-10216;6;Network.user[5];0.0036623133853188;38892
uniformCQI-6-20171221-09:45:20-10216;6;Network.user[6];0.00092730628882851;54175
uniformCQI-6-20171221-09:45:20-10216;6;Network.user[7];0.0008129226202023;56234
uniformCQI-6-20171221-09:45:20-10216;6;Network.user[8];0.0012303041862013;49662
uniformCQI-6-20171221-09:45:20-10216;6;Network.user[9];0.00061133147042968;59426
uniformCQI-7-20171221-09:45:22-12052;7;Network.user[0];0.00057014529683029;60562
uniformCQI-7-20171221-09:45:22-12052;7;Network.user[1];0.00079888857555737;55484
uniformCQI-7-20171221-09:45:22-12052;7;Network.user[2];0.0010289504519876;51584
uniformCQI-7-20171221-09:45:22-12052;7;Network.user[3];0.0037911876059475;36864
uniformCQI-7-20171221-09:45:22-12052;7;Network.user[4];0.0017067425309918;45880
uniformCQI-7-20171221-09:45:22-12052;7;Network.user[5];0.0035631117830736;36717
uniformCQI-7-20171221-09:45:22-12052;7;Network.user[6];0.00076938579248919;56010
uniformCQI-7-20171221-09:45:22-12052;7;Network.user[7];0.00068447834747367;57893
uniformCQI-7-20171221-09:45:22-12052;7;Network.user[8];0.00056574224007983;60491
uniformCQI-7-20171221-09:45:22-12052;7;Network.user[9];0.0026656544185881;40000
uniformCQI-8-20171221-09:45:41-11640;8;Network.user[0];0.0016271325145919;46430
uniformCQI-8-20171221-09:45:41-11640;8;Network.user[1];0.00054204174688046;61213
uniformCQI-8-20171221-09:45:41-11640;8;Network.user[2];0.0018113886510032;46838
uniformCQI-8-20171221-09:45:41-11640;8;Network.user[3];0.0010586949893131;51797
uniformCQI-8-20171221-09:45:41-11640;8;Network.user[4];0.00078626988409067;56582
uniformCQI-8-20171221-09:45:41-11640;8;Network.user[5];0.0041462592933747;36688
uniformCQI-8-20171221-09:45:41-11640;8;Network.user[6];0.0030861882034859;40560
uniformCQI-8-20171221-09:45:41-11640;8;Network.user[7];0.00073155873902912;56795
uniformCQI-8-20171221-09:45:41-11640;8;Network.user[8];0.00064592975642793;58644
uniformCQI-8-20171221-09:45:41-11640;8;Network.user[9];0.0019283701639838;45182
uniformCQI-9-20171221-09:45:41-2868;9;Network.user[0];0.0016875505445168;45447
uniformCQI-9-20171221-09:45:41-2868;9;Network.user[1];0.0037653879357911;39784
uniformCQI-9-20171221-09:45:41-2868;9;Network.user[2];0.00062950885726013;59034
uniformCQI-9-20171221-09:45:41-2868;9;Network.user[3];0.0040930218046322;35204
uniformCQI-9-20171221-09:45:41-2868;9;Network.user[4];0.00054209048100782;61127
uniformCQI-9-20171221-09:45:41-2868;9;Network.user[5];0.00091252667336772;53585
uniformCQI-9-20171221-09:45:41-2868;9;Network.user[6];0.0021801255486759;41450
uniformCQI-9-20171221-09:45:41-2868;9;Network.user[7];0.00066458063269592;58232
uniformCQI-9-20171221-09:45:41-2868;9;Network.user[8];0.00092513153688016;53393
uniformCQI-9-20171221-09:45:41-2868;9;Network.user[9];0.00089083770985235;54034
uniformCQI-10-20171221-09:45:42-3788;10;Network.user[0];0.0022604075006705;42085
uniformCQI-10-20171221-09:45:42-3788;10;Network.user[1];0.0011826605912051;50701
uniformCQI-10-20171221-09:45:42-3788;10;Network.user[2];0.0011845558934912;49926
uniformCQI-10-20171221-09:45:42-3788;10;Network.user[3];0.0014712123811877;52738
uniformCQI-10-20171221-09:45:42-3788;10;Network.user[4];0.003377549814158;37973
uniformCQI-10-20171221-09:45:42-3788;10;Network.user[5];0.0020726817147328;47436
uniformCQI-10-20171221-09:45:42-3788;10;Network.user[6];0.0022932754911682;45196
uniformCQI-10-20171221-09:45:42-3788;10;Network.user[7];0.00063794505726198;58976
uniformCQI-10-20171221-09:45:42-3788;10;Network.user[8];0.00075222883729378;56292
uniformCQI-10-20171221-09:45:42-3788;10;Network.user[9];0.00058578930807593;60098
uniformCQI-11-20171221-09:45:44-11984;11;Network.user[0];0.00106233545824;51988
uniformCQI-11-20171221-09:45:44-11984;11;Network.user[1];0.0033135173981558;37479
uniformCQI-11-20171221-09:45:44-11984;11;Network.user[2];0.0025455300947061;45988
uniformCQI-11-20171221-09:45:44-11984;11;Network.user[3];0.0017148702009846;46507
uniformCQI-11-20171221-09:45:44-11984;11;Network.user[4];0.00083156337421279;55838
uniformCQI-11-20171221-09:45:44-11984;11;Network.user[5];0.00063361112435458;59042
uniformCQI-11-20171221-09:45:44-11984;11;Network.user[6];0.00054109663206725;61300
uniformCQI-11-20171221-09:45:44-11984;11;Network.user[7];0.0013206083797045;51789
uniformCQI-11-20171221-09:45:44-11984;11;Network.user[8];0.0015008470225933;47111
uniformCQI-11-20171221-09:45:44-11984;11;Network.user[9];0.0029405999930014;42346
uniformCQI-12-20171221-09:46:04-4860;12;Network.user[0];0.0056319782696177;30624
uniformCQI-12-20171221-09:46:04-4860;12;Network.user[1];0.0008868896828479;53944
uniformCQI-12-20171221-09:46:04-4860;12;Network.user[2];0.0013994106975203;47177
uniformCQI-12-20171221-09:46:04-4860;12;Network.user[3];0.00067376489983532;58366
uniformCQI-12-20171221-09:46:04-4860;12;Network.user[4];0.0019416620519289;45166
uniformCQI-12-20171221-09:46:04-4860;12;Network.user[5];0.00072338773674669;56875
uniformCQI-12-20171221-09:46:04-4860;12;Network.user[6];0.0014348681478327;49639
uniformCQI-12-20171221-09:46:04-4860;12;Network.user[7];0.0005950754542663;60116
uniformCQI-12-20171221-09:46:04-4860;12;Network.user[8];0.0020881003268417;41882
uniformCQI-12-20171221-09:46:04-4860;12;Network.user[9];0.00068685593978685;57742
uniformCQI-13-20171221-09:46:04-7180;13;Network.user[0];0.00072137740230899;57210
uniformCQI-13-20171221-09:46:04-7180;13;Network.user[1];0.00084521709130663;56089
uniformCQI-13-20171221-09:46:04-7180;13;Network.user[2];0.0017390712550474;45028
uniformCQI-13-20171221-09:46:04-7180;13;Network.user[3];0.0059410389911257;30207
uniformCQI-13-20171221-09:46:04-7180;13;Network.user[4];0.0016650938628708;46309
uniformCQI-13-20171221-09:46:04-7180;13;Network.user[5];0.00065284907543885;58701
uniformCQI-13-20171221-09:46:04-7180;13;Network.user[6];0.0006065860743698;59717
uniformCQI-13-20171221-09:46:04-7180;13;Network.user[7];0.0014507378245482;47256
uniformCQI-13-20171221-09:46:04-7180;13;Network.user[8];0.00084186542627603;54687
uniformCQI-13-20171221-09:46:04-7180;13;Network.user[9];0.0020037625706589;45038
uniformCQI-14-20171221-09:46:05-11468;14;Network.user[0];0.00093227577910934;53913
uniformCQI-14-20171221-09:46:05-11468;14;Network.user[1];0.00079796016000043;55474
uniformCQI-14-20171221-09:46:05-11468;14;Network.user[2];0.0010319541243113;51723
uniformCQI-14-20171221-09:46:05-11468;14;Network.user[3];0.0022375844520219;41870
uniformCQI-14-20171221-09:46:05-11468;14;Network.user[4];0.0040956311894112;35399
uniformCQI-14-20171221-09:46:05-11468;14;Network.user[5];0.00057606746215269;60373
uniformCQI-14-20171221-09:46:05-11468;14;Network.user[6];0.00073391178689181;56744
uniformCQI-14-20171221-09:46:05-11468;14;Network.user[7];0.002857870242677;41093
uniformCQI-14-20171221-09:46:05-11468;14;Network.user[8];0.0024353548216142;43105
uniformCQI-14-20171221-09:46:05-11468;14;Network.user[9];0.00055440060946994;60882
uniformCQI-15-20171221-09:46:07-10532;15;Network.user[0];0.0022736181926945;40665
uniformCQI-15-20171221-09:46:07-10532;15;Network.user[1];0.00074617340376922;57028
uniformCQI-15-20171221-09:46:07-10532;15;Network.user[2];0.0055188289359573;31293
uniformCQI-15-20171221-09:46:07-10532;15;Network.user[3];0.0012870116062324;48195
uniformCQI-15-20171221-09:46:07-10532;15;Network.user[4];0.0017974937692034;45008
uniformCQI-15-20171221-09:46:07-10532;15;Network.user[5];0.00069162744008352;57431
uniformCQI-15-20171221-09:46:07-10532;15;Network.user[6];0.00080002239468723;55436
uniformCQI-15-20171221-09:46:07-10532;15;Network.user[7];0.0018604883561888;46600
uniformCQI-15-20171221-09:46:07-10532;15;Network.user[8];0.00058652727892742;60020
uniformCQI-15-20171221-09:46:07-10532;15;Network.user[9];0.00057453226644011;60491
uniformCQI-16-20171221-09:46:26-13496;16;Network.user[0];0.00061170061947555;59498
uniformCQI-16-20171221-09:46:26-13496;16;Network.user[1];0.0005705769990034;60357
uniformCQI-16-20171221-09:46:26-13496;16;Network.user[2];0.00069637956938472;57511
uniformCQI-16-20171221-09:46:26-13496;16;Network.user[3];0.0018203270245724;44192
uniformCQI-16-20171221-09:46:26-13496;16;Network.user[4];0.0012817025315121;49494
uniformCQI-16-20171221-09:46:26-13496;16;Network.user[5];0.00065433837409499;58725
uniformCQI-16-20171221-09:46:26-13496;16;Network.user[6];0.001130095842384;50391
uniformCQI-16-20171221-09:46:26-13496;16;Network.user[7];0.0059049482254742;30219
uniformCQI-16-20171221-09:46:26-13496;16;Network.user[8];0.0016790506107975;46514
uniformCQI-16-20171221-09:46:26-13496;16;Network.user[9];0.0019325288013284;44351
uniformCQI-17-20171221-09:46:27-14664;17;Network.user[0];0.0020365165402781;45636
uniformCQI-17-20171221-09:46:27-14664;17;Network.user[1];0.0025893687108241;42406
uniformCQI-17-20171221-09:46:27-14664;17;Network.user[2];0.0017608375714335;46088
uniformCQI-17-20171221-09:46:27-14664;17;Network.user[3];0.00057042683995274;60587
uniformCQI-17-20171221-09:46:27-14664;17;Network.user[4];0.00069696164084028;57136
uniformCQI-17-20171221-09:46:27-14664;17;Network.user[5];0.00090682505819822;53312
uniformCQI-17-20171221-09:46:27-14664;17;Network.user[6];0.00061355920437453;59504
uniformCQI-17-20171221-09:46:27-14664;17;Network.user[7];0.0032618257345726;38722
uniformCQI-17-20171221-09:46:27-14664;17;Network.user[8];0.0028799096939528;38750
uniformCQI-17-20171221-09:46:27-14664;17;Network.user[9];0.0006083178172829;59441
uniformCQI-18-20171221-09:46:27-992;18;Network.user[0];0.00068962607653002;57546
uniformCQI-18-20171221-09:46:27-992;18;Network.user[1];0.0013480030200619;48286
uniformCQI-18-20171221-09:46:27-992;18;Network.user[2];0.0011108448572502;51800
uniformCQI-18-20171221-09:46:27-992;18;Network.user[3];0.003237022811525;38624
uniformCQI-18-20171221-09:46:27-992;18;Network.user[4];0.00062520580009185;59179
uniformCQI-18-20171221-09:46:27-992;18;Network.user[5];0.0026180146032751;42809
uniformCQI-18-20171221-09:46:27-992;18;Network.user[6];0.0007261224674956;57176
uniformCQI-18-20171221-09:46:27-992;18;Network.user[7];0.0023785377670537;42039
uniformCQI-18-20171221-09:46:27-992;18;Network.user[8];0.00054262689900808;61144
uniformCQI-18-20171221-09:46:27-992;18;Network.user[9];0.0030172135006378;42019
uniformCQI-19-20171221-09:46:29-8364;19;Network.user[0];0.0020841814866118;43897
uniformCQI-19-20171221-09:46:29-8364;19;Network.user[1];0.00074463467392473;56488
uniformCQI-19-20171221-09:46:29-8364;19;Network.user[2];0.002593807045242;42592
uniformCQI-19-20171221-09:46:29-8364;19;Network.user[3];0.0019605062505455;44416
uniformCQI-19-20171221-09:46:29-8364;19;Network.user[4];0.00065691148589474;58494
uniformCQI-19-20171221-09:46:29-8364;19;Network.user[5];0.0032928240873282;39240
uniformCQI-19-20171221-09:46:29-8364;19;Network.user[6];0.0011744846097604;53419
uniformCQI-19-20171221-09:46:29-8364;19;Network.user[7];0.0019025856956329;47963
uniformCQI-19-20171221-09:46:29-8364;19;Network.user[8];0.00054679220496795;60857
uniformCQI-19-20171221-09:46:29-8364;19;Network.user[9];0.0010547910783623;52856
uniformCQI-20-20171221-09:46:49-12976;20;Network.user[0];0.003523919739397;36500
uniformCQI-20-20171221-09:46:49-12976;20;Network.user[1];0.0016053347734139;49649
uniformCQI-20-20171221-09:46:49-12976;20;Network.user[2];0.00087222892611786;54099
uniformCQI-20-20171221-09:46:49-12976;20;Network.user[3];0.00094092382450161;53532
uniformCQI-20-20171221-09:46:49-12976;20;Network.user[4];0.0006133967016367;59495
uniformCQI-20-20171221-09:46:49-12976;20;Network.user[5];0.00066223837063725;58271
uniformCQI-20-20171221-09:46:49-12976;20;Network.user[6];0.00061448119247288;59370
uniformCQI-20-20171221-09:46:49-12976;20;Network.user[7];0.0039167621167962;37035
uniformCQI-20-20171221-09:46:49-12976;20;Network.user[8];0.0023586879783657;41381
uniformCQI-20-20171221-09:46:49-12976;20;Network.user[9];0.0010302322716146;51818
uniformCQI-21-20171221-09:46:49-15308;21;Network.user[0];0.00069087037660866;58355
uniformCQI-21-20171221-09:46:49-15308;21;Network.user[1];0.00079686522015916;55587
uniformCQI-21-20171221-09:46:49-15308;21;Network.user[2];0.001428255255699;47130
uniformCQI-21-20171221-09:46:49-15308;21;Network.user[3];0.0039246906845353;35084
uniformCQI-21-20171221-09:46:49-15308;21;Network.user[4];0.00061581037573951;59077
uniformCQI-21-20171221-09:46:49-15308;21;Network.user[5];0.0011003722029368;51507
uniformCQI-21-20171221-09:46:49-15308;21;Network.user[6];0.00066358281068137;58643
uniformCQI-21-20171221-09:46:49-15308;21;Network.user[7];0.000738671318294;56733
uniformCQI-21-20171221-09:46:49-15308;21;Network.user[8];0.0014417221964675;47048
uniformCQI-21-20171221-09:46:49-15308;21;Network.user[9];0.004805008393062;32734
uniformCQI-22-20171221-09:46:50-15048;22;Network.user[0];0.0017696113062623;44272
uniformCQI-22-20171221-09:46:50-15048;22;Network.user[1];0.00083419596635;55540
uniformCQI-22-20171221-09:46:50-15048;22;Network.user[2];0.00065432858120935;58503
uniformCQI-22-20171221-09:46:50-15048;22;Network.user[3];0.004089926820095;34503
uniformCQI-22-20171221-09:46:50-15048;22;Network.user[4];0.0011846689167168;50395
uniformCQI-22-20171221-09:46:50-15048;22;Network.user[5];0.00060237171113955;59830
uniformCQI-22-20171221-09:46:50-15048;22;Network.user[6];0.0017160819889255;45353
uniformCQI-22-20171221-09:46:50-15048;22;Network.user[7];0.00067033968574427;58117
uniformCQI-22-20171221-09:46:50-15048;22;Network.user[8];0.00067549329265551;58021
uniformCQI-22-20171221-09:46:50-15048;22;Network.user[9];0.0038001478865423;37373
uniformCQI-23-20171221-09:46:52-5004;23;Network.user[0];0.0005390335074147;61242
uniformCQI-23-20171221-09:46:52-5004;23;Network.user[1];0.00089038115024143;53801
uniformCQI-23-20171221-09:46:52-5004;23;Network.user[2];0.0010123891233521;53133
uniformCQI-23-20171221-09:46:52-5004;23;Network.user[3];0.0027511506209167;39886
uniformCQI-23-20171221-09:46:52-5004;23;Network.user[4];0.0041075665110305;37481
uniformCQI-23-20171221-09:46:52-5004;23;Network.user[5];0.0013181483968584;49369
uniformCQI-23-20171221-09:46:52-5004;23;Network.user[6];0.00065440882579947;58731
uniformCQI-23-20171221-09:46:52-5004;23;Network.user[7];0.0012010083655689;49522
uniformCQI-23-20171221-09:46:52-5004;23;Network.user[8];0.0030422634153652;39368
uniformCQI-23-20171221-09:46:52-5004;23;Network.user[9];0.00065251626206822;58635
uniformCQI-24-20171221-09:47:11-8108;24;Network.user[0];0.0025311934255637;43178
uniformCQI-24-20171221-09:47:11-8108;24;Network.user[1];0.00076146454939996;57491
uniformCQI-24-20171221-09:47:11-8108;24;Network.user[2];0.0011539517070875;50122
uniformCQI-24-20171221-09:47:11-8108;24;Network.user[3];0.00054182737507162;61085
uniformCQI-24-20171221-09:47:11-8108;24;Network.user[4];0.00091247493499968;55076
uniformCQI-24-20171221-09:47:11-8108;24;Network.user[5];0.0025680062272041;41506
uniformCQI-24-20171221-09:47:11-8108;24;Network.user[6];0.00077927024408856;56324
uniformCQI-24-20171221-09:47:11-8108;24;Network.user[7];0.0040092310713012;35811
uniformCQI-24-20171221-09:47:11-8108;24;Network.user[8];0.00083856930359142;55271
uniformCQI-24-20171221-09:47:11-8108;24;Network.user[9];0.0018129426462957;45355
uniformCQI-25-20171221-09:47:12-1752;25;Network.user[0];0.0032706311927069;39576
uniformCQI-25-20171221-09:47:12-1752;25;Network.user[1];0.00072250053274941;57333
uniformCQI-25-20171221-09:47:12-1752;25;Network.user[2];0.0014350789292313;50013
uniformCQI-25-20171221-09:47:12-1752;25;Network.user[3];0.00064228377407099;59391
uniformCQI-25-20171221-09:47:12-1752;25;Network.user[4];0.0014541703342674;48481
uniformCQI-25-20171221-09:47:12-1752;25;Network.user[5];0.0010855972848102;52277
uniformCQI-25-20171221-09:47:12-1752;25;Network.user[6];0.0020843502200565;47480
uniformCQI-25-20171221-09:47:12-1752;25;Network.user[7];0.0030905168089884;40425
uniformCQI-25-20171221-09:47:12-1752;25;Network.user[8];0.0019295592397554;46255
uniformCQI-25-20171221-09:47:12-1752;25;Network.user[9];0.00061555960029896;59414
uniformCQI-26-20171221-09:47:12-2144;26;Network.user[0];0.00069202777012431;57557
uniformCQI-26-20171221-09:47:12-2144;26;Network.user[1];0.0011119550668962;51898
uniformCQI-26-20171221-09:47:12-2144;26;Network.user[2];0.00070410692509184;57202
uniformCQI-26-20171221-09:47:12-2144;26;Network.user[3];0.0030421374226544;41602
uniformCQI-26-20171221-09:47:12-2144;26;Network.user[4];0.0013007388922598;47990
uniformCQI-26-20171221-09:47:12-2144;26;Network.user[5];0.00096443473618374;52745
uniformCQI-26-20171221-09:47:12-2144;26;Network.user[6];0.004476955730133;33559
uniformCQI-26-20171221-09:47:12-2144;26;Network.user[7];0.00055221868335147;60984
uniformCQI-26-20171221-09:47:12-2144;26;Network.user[8];0.0028737389763721;39267
uniformCQI-26-20171221-09:47:12-2144;26;Network.user[9];0.00069630589570911;57519
uniformCQI-27-20171221-09:47:14-4204;27;Network.user[0];0.0013813388950292;47612
uniformCQI-27-20171221-09:47:14-4204;27;Network.user[1];0.0025722312654394;40159
uniformCQI-27-20171221-09:47:14-4204;27;Network.user[2];0.00079257808876377;55602
uniformCQI-27-20171221-09:47:14-4204;27;Network.user[3];0.00076277494745509;56128
uniformCQI-27-20171221-09:47:14-4204;27;Network.user[4];0.0027958770865517;39631
uniformCQI-27-20171221-09:47:14-4204;27;Network.user[5];0.00084789216138097;54779
uniformCQI-27-20171221-09:47:14-4204;27;Network.user[6];0.0053864536334296;31408
uniformCQI-27-20171221-09:47:14-4204;27;Network.user[7];0.00055469696880827;60702
uniformCQI-27-20171221-09:47:14-4204;27;Network.user[8];0.00084920230887999;54988
uniformCQI-27-20171221-09:47:14-4204;27;Network.user[9];0.00061905992969614;59393
uniformCQI-28-20171221-09:47:34-6024;28;Network.user[0];0.00064199657718186;58817
uniformCQI-28-20171221-09:47:34-6024;28;Network.user[1];0.00068847504116626;57593
uniformCQI-28-20171221-09:47:34-6024;28;Network.user[2];0.0012795482349458;49871
uniformCQI-28-20171221-09:47:34-6024;28;Network.user[3];0.000548208406026;61194
uniformCQI-28-20171221-09:47:34-6024;28;Network.user[4];0.003491298985904;36937
uniformCQI-28-20171221-09:47:34-6024;28;Network.user[5];0.0037087885219756;35803
uniformCQI-28-20171221-09:47:34-6024;28;Network.user[6];0.00066131694865268;58157
uniformCQI-28-20171221-09:47:34-6024;28;Network.user[7];0.00097253280400773;52745
uniformCQI-28-20171221-09:47:34-6024;28;Network.user[8];0.0030349375080259;39018
uniformCQI-28-20171221-09:47:34-6024;28;Network.user[9];0.0011269738030729;50281
uniformCQI-29-20171221-09:47:35-11512;29;Network.user[0];0.0010328593445636;53707
uniformCQI-29-20171221-09:47:35-11512;29;Network.user[1];0.0019189680406713;43561
uniformCQI-29-20171221-09:47:35-11512;29;Network.user[2];0.0014080370564782;47862
uniformCQI-29-20171221-09:47:35-11512;29;Network.user[3];0.00073397140923271;56471
uniformCQI-29-20171221-09:47:35-11512;29;Network.user[4];0.00063951502100836;59020
uniformCQI-29-20171221-09:47:35-11512;29;Network.user[5];0.0055633564362167;31340
uniformCQI-29-20171221-09:47:35-11512;29;Network.user[6];0.00064769897609113;58693
uniformCQI-29-20171221-09:47:35-11512;29;Network.user[7];0.0010612052163437;51009
uniformCQI-29-20171221-09:47:35-11512;29;Network.user[8];0.0026292467101205;39909
uniformCQI-29-20171221-09:47:35-11512;29;Network.user[9];0.00059823113377456;59860
uniformCQI-30-20171221-09:47:35-9140;30;Network.user[0];0.00060357702696791;59638
uniformCQI-30-20171221-09:47:35-9140;30;Network.user[1];0.0012892296795349;48510
uniformCQI-30-20171221-09:47:35-9140;30;Network.user[2];0.00071143691128435;57085
uniformCQI-30-20171221-09:47:35-9140;30;Network.user[3];0.0043839478544372;33917
uniformCQI-30-20171221-09:47:35-9140;30;Network.user[4];0.0022714536450994;41987
uniformCQI-30-20171221-09:47:35-9140;30;Network.user[5];0.00092341167090422;53400
uniformCQI-30-20171221-09:47:35-9140;30;Network.user[6];0.0010194491859659;51931
uniformCQI-30-20171221-09:47:35-9140;30;Network.user[7];0.0035485323465464;36063
uniformCQI-30-20171221-09:47:35-9140;30;Network.user[8];0.00054702655810277;61124
uniformCQI-30-20171221-09:47:35-9140;30;Network.user[9];0.00071786071265559;57113
uniformCQI-31-20171221-09:47:36-10856;31;Network.user[0];0.00063444571465092;59029
uniformCQI-31-20171221-09:47:36-10856;31;Network.user[1];0.0044439288044994;34635
uniformCQI-31-20171221-09:47:36-10856;31;Network.user[2];0.00099854871860831;53737
uniformCQI-31-20171221-09:47:36-10856;31;Network.user[3];0.001757919185863;45269
uniformCQI-31-20171221-09:47:36-10856;31;Network.user[4];0.0020899813377106;45999
uniformCQI-31-20171221-09:47:36-10856;31;Network.user[5];0.0014728910712821;48911
uniformCQI-31-20171221-09:47:36-10856;31;Network.user[6];0.00064580291062281;58581
uniformCQI-31-20171221-09:47:36-10856;31;Network.user[7];0.0010054542789898;52341
uniformCQI-31-20171221-09:47:36-10856;31;Network.user[8];0.0026058481041945;40738
uniformCQI-31-20171221-09:47:36-10856;31;Network.user[9];0.00055030742525773;61084
uniformCQI-32-20171221-09:47:57-13560;32;Network.user[0];0.0057914219007027;30648
uniformCQI-32-20171221-09:47:57-13560;32;Network.user[1];0.00072640673386638;57193
uniformCQI-32-20171221-09:47:57-13560;32;Network.user[2];0.0012942862495415;49456
uniformCQI-32-20171221-09:47:57-13560;32;Network.user[3];0.00095810523190174;53082
uniformCQI-32-20171221-09:47:57-13560;32;Network.user[4];0.0008678927739069;55305
uniformCQI-32-20171221-09:47:57-13560;32;Network.user[5];0.0029144120026921;37124
uniformCQI-32-20171221-09:47:57-13560;32;Network.user[6];0.0010878903720056;51842
uniformCQI-32-20171221-09:47:57-13560;32;Network.user[7];0.0012661015016086;49064
uniformCQI-32-20171221-09:47:57-13560;32;Network.user[8];0.00054264458556902;61018
uniformCQI-32-20171221-09:47:57-13560;32;Network.user[9];0.00075685684335582;56522
uniformCQI-33-20171221-09:47:58-14636;33;Network.user[0];0.00079094995646188;55579
uniformCQI-33-20171221-09:47:58-14636;33;Network.user[1];0.00067724799437258;58165
uniformCQI-33-20171221-09:47:58-14636;33;Network.user[2];0.0012498646129729;50633
uniformCQI-33-20171221-09:47:58-14636;33;Network.user[3];0.0017085111167767;46067
uniformCQI-33-20171221-09:47:58-14636;33;Network.user[4];0.00067018119615878;58387
uniformCQI-33-20171221-09:47:58-14636;33;Network.user[5];0.0046883821862103;32992
uniformCQI-33-20171221-09:47:58-14636;33;Network.user[6];0.0032841843554156;38841
uniformCQI-33-20171221-09:47:58-14636;33;Network.user[7];0.00078904552246179;56185
uniformCQI-33-20171221-09:47:58-14636;33;Network.user[8];0.00095752063041877;53102
uniformCQI-33-20171221-09:47:58-14636;33;Network.user[9];0.0013832774285485;51171
uniformCQI-34-20171221-09:47:58-12652;34;Network.user[0];0.00060210620545653;59548
uniformCQI-34-20171221-09:47:58-12652;34;Network.user[1];0.00065606092797418;58440
uniformCQI-34-20171221-09:47:58-12652;34;Network.user[2];0.0011061984755983;51007
uniformCQI-34-20171221-09:47:58-12652;34;Network.user[3];0.0054267175129138;31287
uniformCQI-34-20171221-09:47:58-12652;34;Network.user[4];0.0023558572257545;41357
uniformCQI-34-20171221-09:47:58-12652;34;Network.user[5];0.0012576779220679;51491
uniformCQI-34-20171221-09:47:58-12652;34;Network.user[6];0.0011073571630776;52473
uniformCQI-34-20171221-09:47:58-12652;34;Network.user[7];0.0018305252717309;45297
uniformCQI-34-20171221-09:47:58-12652;34;Network.user[8];0.00074942655577282;57121
uniformCQI-34-20171221-09:47:58-12652;34;Network.user[9];0.00088882441771936;53985
uniformCQI-35-20171221-09:47:59-13472;35;Network.user[0];0.003782228241789;36600
uniformCQI-35-20171221-09:47:59-13472;35;Network.user[1];0.0015456313422428;47921
uniformCQI-35-20171221-09:47:59-13472;35;Network.user[2];0.0011177442812925;50788
uniformCQI-35-20171221-09:47:59-13472;35;Network.user[3];0.00061979844982119;59440
uniformCQI-35-20171221-09:47:59-13472;35;Network.user[4];0.001579312235282;48565
uniformCQI-35-20171221-09:47:59-13472;35;Network.user[5];0.00073699815186109;57863
uniformCQI-35-20171221-09:47:59-13472;35;Network.user[6];0.0040656621525135;34490
uniformCQI-35-20171221-09:47:59-13472;35;Network.user[7];0.0007687970692157;56523
uniformCQI-35-20171221-09:47:59-13472;35;Network.user[8];0.00072196991302844;57097
uniformCQI-35-20171221-09:47:59-13472;35;Network.user[9];0.0011438218301591;51645
uniformCQI-36-20171221-09:48:20-10276;36;Network.user[0];0.0010582662103117;51276
uniformCQI-36-20171221-09:48:20-10276;36;Network.user[1];0.00069807360998253;57465
uniformCQI-36-20171221-09:48:20-10276;36;Network.user[2];0.00056960310668694;60531
uniformCQI-36-20171221-09:48:20-10276;36;Network.user[3];0.0036573297775657;35709
uniformCQI-36-20171221-09:48:20-10276;36;Network.user[4];0.0016142849648503;46729
uniformCQI-36-20171221-09:48:20-10276;36;Network.user[5];0.0050946596851302;31930
uniformCQI-36-20171221-09:48:20-10276;36;Network.user[6];0.0010690148756141;52000
uniformCQI-36-20171221-09:48:20-10276;36;Network.user[7];0.00087490779032357;54723
uniformCQI-36-20171221-09:48:20-10276;36;Network.user[8];0.00059406833884197;60071
uniformCQI-36-20171221-09:48:20-10276;36;Network.user[9];0.0012602326893467;49751
uniformCQI-37-20171221-09:48:20-7768;37;Network.user[0];0.0019431383817228;44936
uniformCQI-37-20171221-09:48:20-7768;37;Network.user[1];0.00069062311993198;57865
uniformCQI-37-20171221-09:48:20-7768;37;Network.user[2];0.00098954579759774;53564
uniformCQI-37-20171221-09:48:20-7768;37;Network.user[3];0.002259227765981;41505
uniformCQI-37-20171221-09:48:20-7768;37;Network.user[4];0.00055859278003948;60910
uniformCQI-37-20171221-09:48:20-7768;37;Network.user[5];0.0020247053974523;43219
uniformCQI-37-20171221-09:48:20-7768;37;Network.user[6];0.0052411165743259;31545
uniformCQI-37-20171221-09:48:20-7768;37;Network.user[7];0.00074543862494314;57077
uniformCQI-37-20171221-09:48:20-7768;37;Network.user[8];0.00077105322037792;56089
uniformCQI-37-20171221-09:48:20-7768;37;Network.user[9];0.00085678094959864;54338
uniformCQI-38-20171221-09:48:21-9484;38;Network.user[0];0.00054993405113497;60993
uniformCQI-38-20171221-09:48:21-9484;38;Network.user[1];0.0010106765139299;52729
uniformCQI-38-20171221-09:48:21-9484;38;Network.user[2];0.0055513397993977;30889
uniformCQI-38-20171221-09:48:21-9484;38;Network.user[3];0.0014730704902385;46970
uniformCQI-38-20171221-09:48:21-9484;38;Network.user[4];0.0017073035595615;46901
uniformCQI-38-20171221-09:48:21-9484;38;Network.user[5];0.0017308322591427;45312
uniformCQI-38-20171221-09:48:21-9484;38;Network.user[6];0.00057414848589752;60058
uniformCQI-38-20171221-09:48:21-9484;38;Network.user[7];0.0018180222174438;47271
uniformCQI-38-20171221-09:48:21-9484;38;Network.user[8];0.00087334510369417;54228
uniformCQI-38-20171221-09:48:21-9484;38;Network.user[9];0.00077398710876893;55797
uniformCQI-39-20171221-09:48:22-1856;39;Network.user[0];0.0013683971685971;47862
uniformCQI-39-20171221-09:48:22-1856;39;Network.user[1];0.00069840373185999;57613
uniformCQI-39-20171221-09:48:22-1856;39;Network.user[2];0.00064674712648145;58655
uniformCQI-39-20171221-09:48:22-1856;39;Network.user[3];0.00056936059452763;60496
uniformCQI-39-20171221-09:48:22-1856;39;Network.user[4];0.0050050941882248;32840
uniformCQI-39-20171221-09:48:22-1856;39;Network.user[5];0.00077582378236528;56162
uniformCQI-39-20171221-09:48:22-1856;39;Network.user[6];0.0024388794274972;42198
uniformCQI-39-20171221-09:48:22-1856;39;Network.user[7];0.0010927428691546;51596
uniformCQI-39-20171221-09:48:22-1856;39;Network.user[8];0.0026754802778153;39123
uniformCQI-39-20171221-09:48:22-1856;39;Network.user[9];0.00079355424142647;55372
uniformCQI-40-20171221-09:48:42-12348;40;Network.user[0];0.002437510838568;41346
uniformCQI-40-20171221-09:48:42-12348;40;Network.user[1];0.00054504010847054;60929
uniformCQI-40-20171221-09:48:42-12348;40;Network.user[2];0.0011648080110141;50059
uniformCQI-40-20171221-09:48:42-12348;40;Network.user[3];0.00088251587295842;54167
uniformCQI-40-20171221-09:48:42-12348;40;Network.user[4];0.00119095485568;51080
uniformCQI-40-20171221-09:48:42-12348;40;Network.user[5];0.00070596518361747;57494
uniformCQI-40-20171221-09:48:42-12348;40;Network.user[6];0.0030228165362001;38412
uniformCQI-40-20171221-09:48:42-12348;40;Network.user[7];0.00078354330228702;55711
uniformCQI-40-20171221-09:48:42-12348;40;Network.user[8];0.0048169981425397;33291
uniformCQI-40-20171221-09:48:42-12348;40;Network.user[9];0.0006704233295737;58153
uniformCQI-41-20171221-09:48:43-8768;41;Network.user[0];0.0035001914382335;37306
uniformCQI-41-20171221-09:48:43-8768;41;Network.user[1];0.0035198674725894;36345
uniformCQI-41-20171221-09:48:43-8768;41;Network.user[2];0.00068633190879781;57774
uniformCQI-41-20171221-09:48:43-8768;41;Network.user[3];0.00061605284117753;59530
uniformCQI-41-20171221-09:48:43-8768;41;Network.user[4];0.00070306577863894;57522
uniformCQI-41-20171221-09:48:43-8768;41;Network.user[5];0.0011450176540506;50112
uniformCQI-41-20171221-09:48:43-8768;41;Network.user[6];0.0034081185747811;37163
uniformCQI-41-20171221-09:48:43-8768;41;Network.user[7];0.00086852326066426;54287
uniformCQI-41-20171221-09:48:43-8768;41;Network.user[8];0.0010889081940913;51078
uniformCQI-41-20171221-09:48:43-8768;41;Network.user[9];0.00060112899615454;59837
uniformCQI-42-20171221-09:48:44-6568;42;Network.user[0];0.00056476205970155;60616
uniformCQI-42-20171221-09:48:44-6568;42;Network.user[1];0.0028611859971552;40978
uniformCQI-42-20171221-09:48:44-6568;42;Network.user[2];0.002125626323405;44421
uniformCQI-42-20171221-09:48:44-6568;42;Network.user[3];0.00082938618939939;54765
uniformCQI-42-20171221-09:48:44-6568;42;Network.user[4];0.00085076764058518;54656
uniformCQI-42-20171221-09:48:44-6568;42;Network.user[5];0.0026086317984656;40290
uniformCQI-42-20171221-09:48:44-6568;42;Network.user[6];0.00074853005570906;56806
uniformCQI-42-20171221-09:48:44-6568;42;Network.user[7];0.00090279138223637;54056
uniformCQI-42-20171221-09:48:44-6568;42;Network.user[8];0.00065866767674222;58235
uniformCQI-42-20171221-09:48:44-6568;42;Network.user[9];0.0042296905514455;34927
uniformCQI-43-20171221-09:48:44-15044;43;Network.user[0];0.0023509519135245;42316
uniformCQI-43-20171221-09:48:44-15044;43;Network.user[1];0.0013806905512884;49021
uniformCQI-43-20171221-09:48:44-15044;43;Network.user[2];0.0011134298863087;50679
uniformCQI-43-20171221-09:48:44-15044;43;Network.user[3];0.00055013945948053;60858
uniformCQI-43-20171221-09:48:44-15044;43;Network.user[4];0.0006791759089714;58048
uniformCQI-43-20171221-09:48:44-15044;43;Network.user[5];0.0026294328243211;42180
uniformCQI-43-20171221-09:48:44-15044;43;Network.user[6];0.0016241827228041;47697
uniformCQI-43-20171221-09:48:44-15044;43;Network.user[7];0.00064641779493209;58498
uniformCQI-43-20171221-09:48:44-15044;43;Network.user[8];0.0044926842540286;34298
uniformCQI-43-20171221-09:48:44-15044;43;Network.user[9];0.00064882945368374;58596
uniformCQI-44-20171221-09:49:00-7368;44;Network.user[0];0.0026386212864667;39820
uniformCQI-44-20171221-09:49:00-7368;44;Network.user[1];0.0034721620551864;39725
uniformCQI-44-20171221-09:49:00-7368;44;Network.user[2];0.0036512859529155;36944
uniformCQI-44-20171221-09:49:00-7368;44;Network.user[3];0.0010225568396705;52772
uniformCQI-44-20171221-09:49:00-7368;44;Network.user[4];0.00060742738176472;59595
uniformCQI-44-20171221-09:49:00-7368;44;Network.user[5];0.00061978889405416;59514
uniformCQI-44-20171221-09:49:00-7368;44;Network.user[6];0.00084850946515338;54823
uniformCQI-44-20171221-09:49:00-7368;44;Network.user[7];0.00066990269110571;58379
uniformCQI-44-20171221-09:49:00-7368;44;Network.user[8];0.0015987881830248;46927
uniformCQI-44-20171221-09:49:00-7368;44;Network.user[9];0.0010790940233837;52187
uniformCQI-45-20171221-09:49:02-10880;45;Network.user[0];0.0016091376761665;46396
uniformCQI-45-20171221-09:49:02-10880;45;Network.user[1];0.001900065242521;44849
uniformCQI-45-20171221-09:49:02-10880;45;Network.user[2];0.00068542936568235;57599
uniformCQI-45-20171221-09:49:02-10880;45;Network.user[3];0.00057063070913822;60436
uniformCQI-45-20171221-09:49:02-10880;45;Network.user[4];0.0015043451867802;48269
uniformCQI-45-20171221-09:49:02-10880;45;Network.user[5];0.00057120498758043;60315
uniformCQI-45-20171221-09:49:02-10880;45;Network.user[6];0.0014220006012509;48098
uniformCQI-45-20171221-09:49:02-10880;45;Network.user[7];0.0049048238936895;32854
uniformCQI-45-20171221-09:49:02-10880;45;Network.user[8];0.00071339854930167;56989
uniformCQI-45-20171221-09:49:02-10880;45;Network.user[9];0.0020496491889884;44956
uniformCQI-46-20171221-09:49:03-7956;46;Network.user[0];0.0020027083841166;43975
uniformCQI-46-20171221-09:49:03-7956;46;Network.user[1];0.00092049885195391;54745
uniformCQI-46-20171221-09:49:03-7956;46;Network.user[2];0.00063217123938389;59073
uniformCQI-46-20171221-09:49:03-7956;46;Network.user[3];0.0011041000768923;51828
uniformCQI-46-20171221-09:49:03-7956;46;Network.user[4];0.0005969997470331;59752
uniformCQI-46-20171221-09:49:03-7956;46;Network.user[5];0.0018993233519071;44121
uniformCQI-46-20171221-09:49:03-7956;46;Network.user[6];0.0054762298215342;30803
uniformCQI-46-20171221-09:49:03-7956;46;Network.user[7];0.00066285012697812;58725
uniformCQI-46-20171221-09:49:03-7956;46;Network.user[8];0.0017646675494172;44411
uniformCQI-46-20171221-09:49:03-7956;46;Network.user[9];0.00085983470692515;54485
uniformCQI-47-20171221-09:49:04-8404;47;Network.user[0];0.00060719610476938;59845
uniformCQI-47-20171221-09:49:04-8404;47;Network.user[1];0.0018956378793751;45178
uniformCQI-47-20171221-09:49:04-8404;47;Network.user[2];0.0012107812315717;50427
uniformCQI-47-20171221-09:49:04-8404;47;Network.user[3];0.00092293306368426;53245
uniformCQI-47-20171221-09:49:04-8404;47;Network.user[4];0.0023656675195469;41052
uniformCQI-47-20171221-09:49:04-8404;47;Network.user[5];0.00058665146542039;60086
uniformCQI-47-20171221-09:49:04-8404;47;Network.user[6];0.001295487366022;49072
uniformCQI-47-20171221-09:49:04-8404;47;Network.user[7];0.00062318247791274;59173
uniformCQI-47-20171221-09:49:04-8404;47;Network.user[8];0.0010198498480095;52766
uniformCQI-47-20171221-09:49:04-8404;47;Network.user[9];0.0058031214133371;30703
uniformCQI-48-20171221-09:49:20-2984;48;Network.user[0];0.00086064593150837;55068
uniformCQI-48-20171221-09:49:20-2984;48;Network.user[1];0.0026428026995215;41168
uniformCQI-48-20171221-09:49:20-2984;48;Network.user[2];0.00054087555505538;61121
uniformCQI-48-20171221-09:49:20-2984;48;Network.user[3];0.00084233812561611;55464
uniformCQI-48-20171221-09:49:20-2984;48;Network.user[4];0.0017633296933578;45773
uniformCQI-48-20171221-09:49:20-2984;48;Network.user[5];0.00061651985831566;59220
uniformCQI-48-20171221-09:49:20-2984;48;Network.user[6];0.0010560346483693;52797
uniformCQI-48-20171221-09:49:20-2984;48;Network.user[7];0.0026028933988805;45378
uniformCQI-48-20171221-09:49:20-2984;48;Network.user[8];0.0018650764716985;45387
uniformCQI-48-20171221-09:49:20-2984;48;Network.user[9];0.0040475896808996;38044
uniformCQI-49-20171221-09:49:21-1356;49;Network.user[0];0.00085272816833916;55695
uniformCQI-49-20171221-09:49:21-1356;49;Network.user[1];0.0017014664126748;45598
uniformCQI-49-20171221-09:49:21-1356;49;Network.user[2];0.0014359251331205;48131
uniformCQI-49-20171221-09:49:21-1356;49;Network.user[3];0.0028415505733698;38218
uniformCQI-49-20171221-09:49:21-1356;49;Network.user[4];0.00083472103480629;54988
uniformCQI-49-20171221-09:49:21-1356;49;Network.user[5];0.00097100551181613;52524
uniformCQI-49-20171221-09:49:21-1356;49;Network.user[6];0.0054813000677278;31121
uniformCQI-49-20171221-09:49:21-1356;49;Network.user[7];0.00077743786551654;56257
uniformCQI-49-20171221-09:49:21-1356;49;Network.user[8];0.00075524243614082;56832
uniformCQI-49-20171221-09:49:21-1356;49;Network.user[9];0.000546898962653;61146
uniformCQI-50-20171221-09:49:22-2532;50;Network.user[0];0.00060500677366447;59497
uniformCQI-50-20171221-09:49:22-2532;50;Network.user[1];0.00088439232992886;53907
uniformCQI-50-20171221-09:49:22-2532;50;Network.user[2];0.0016658919103259;45375
uniformCQI-50-20171221-09:49:22-2532;50;Network.user[3];0.00059456318703142;59699
uniformCQI-50-20171221-09:49:22-2532;50;Network.user[4];0.00065858040992373;58496
uniformCQI-50-20171221-09:49:22-2532;50;Network.user[5];0.00096452672071534;52573
uniformCQI-50-20171221-09:49:22-2532;50;Network.user[6];0.0037575470075326;36364
uniformCQI-50-20171221-09:49:22-2532;50;Network.user[7];0.00067492492239661;57829
uniformCQI-50-20171221-09:49:22-2532;50;Network.user[8];0.004560288281157;33512
uniformCQI-50-20171221-09:49:22-2532;50;Network.user[9];0.0017182239479973;44568
uniformCQI-51-20171221-09:49:23-12732;51;Network.user[0];0.0011020582269563;50882
uniformCQI-51-20171221-09:49:23-12732;51;Network.user[1];0.00093299877955891;53647
uniformCQI-51-20171221-09:49:23-12732;51;Network.user[2];0.0025331718234806;39851
uniformCQI-51-20171221-09:49:23-12732;51;Network.user[3];0.0021480279452957;44678
uniformCQI-51-20171221-09:49:23-12732;51;Network.user[4];0.0017650652296839;44808
uniformCQI-51-20171221-09:49:23-12732;51;Network.user[5];0.00059436927408351;59810
uniformCQI-51-20171221-09:49:23-12732;51;Network.user[6];0.0050281804728489;32735
uniformCQI-51-20171221-09:49:23-12732;51;Network.user[7];0.00068610641625289;57866
uniformCQI-51-20171221-09:49:23-12732;51;Network.user[8];0.00072120162318364;56876
uniformCQI-51-20171221-09:49:23-12732;51;Network.user[9];0.00057833830216677;60114
uniformCQI-52-20171221-09:49:39-11712;52;Network.user[0];0.0007204846853375;57294
uniformCQI-52-20171221-09:49:39-11712;52;Network.user[1];0.00094453941888839;53387
uniformCQI-52-20171221-09:49:39-11712;52;Network.user[2];0.0045622081476825;33685
uniformCQI-52-20171221-09:49:39-11712;52;Network.user[3];0.0034937147928672;37338
uniformCQI-52-20171221-09:49:39-11712;52;Network.user[4];0.0016385070072036;45296
uniformCQI-52-20171221-09:49:39-11712;52;Network.user[5];0.00071705725011129;57169
uniformCQI-52-20171221-09:49:39-11712;52;Network.user[6];0.00068124581423064;58114
uniformCQI-52-20171221-09:49:39-11712;52;Network.user[7];0.0025029673582635;42494
uniformCQI-52-20171221-09:49:39-11712;52;Network.user[8];0.00084504540201288;54914
uniformCQI-52-20171221-09:49:39-11712;52;Network.user[9];0.00054814105849843;61065
uniformCQI-53-20171221-09:49:39-9036;53;Network.user[0];0.0051968303020064;32044
uniformCQI-53-20171221-09:49:39-9036;53;Network.user[1];0.00097357730479747;52919
uniformCQI-53-20171221-09:49:39-9036;53;Network.user[2];0.001306782546648;49051
uniformCQI-53-20171221-09:49:39-9036;53;Network.user[3];0.0022267532053266;42476
uniformCQI-53-20171221-09:49:39-9036;53;Network.user[4];0.00056399929856556;60449
uniformCQI-53-20171221-09:49:39-9036;53;Network.user[5];0.00071637264996302;57229
uniformCQI-53-20171221-09:49:39-9036;53;Network.user[6];0.000569237318176;60487
uniformCQI-53-20171221-09:49:39-9036;53;Network.user[7];0.00092508568646661;54062
uniformCQI-53-20171221-09:49:39-9036;53;Network.user[8];0.0014354026840735;49471
uniformCQI-53-20171221-09:49:39-9036;53;Network.user[9];0.0021390427676841;42755
uniformCQI-54-20171221-09:49:40-672;54;Network.user[0];0.002859314808954;39183
uniformCQI-54-20171221-09:49:40-672;54;Network.user[1];0.00061238645113296;59565
uniformCQI-54-20171221-09:49:40-672;54;Network.user[2];0.0012298821013253;49461
uniformCQI-54-20171221-09:49:40-672;54;Network.user[3];0.00064255854459392;58743
uniformCQI-54-20171221-09:49:40-672;54;Network.user[4];0.00061812935411447;59010
uniformCQI-54-20171221-09:49:40-672;54;Network.user[5];0.0013362048232496;49143
uniformCQI-54-20171221-09:49:40-672;54;Network.user[6];0.0019807467997244;43283
uniformCQI-54-20171221-09:49:40-672;54;Network.user[7];0.0010286076007319;52186
uniformCQI-54-20171221-09:49:40-672;54;Network.user[8];0.0054455017837656;31727
uniformCQI-54-20171221-09:49:40-672;54;Network.user[9];0.00070330840587133;57302
uniformCQI-55-20171221-09:49:41-8548;55;Network.user[0];0.0012335897561956;48855
uniformCQI-55-20171221-09:49:41-8548;55;Network.user[1];0.00062348878563697;59019
uniformCQI-55-20171221-09:49:41-8548;55;Network.user[2];0.00081502042558837;55248
uniformCQI-55-20171221-09:49:41-8548;55;Network.user[3];0.00075389434504645;56336
uniformCQI-55-20171221-09:49:41-8548;55;Network.user[4];0.0032208708995123;37764
uniformCQI-55-20171221-09:49:41-8548;55;Network.user[5];0.0011196680417372;51635
uniformCQI-55-20171221-09:49:41-8548;55;Network.user[6];0.0027122086336432;40243
uniformCQI-55-20171221-09:49:41-8548;55;Network.user[7];0.000747239293164;56891
uniformCQI-55-20171221-09:49:41-8548;55;Network.user[8];0.0042523479766624;34402
uniformCQI-55-20171221-09:49:41-8548;55;Network.user[9];0.00055416005665978;61011
uniformCQI-56-20171221-09:49:59-13000;56;Network.user[0];0.001248809608899;49044
uniformCQI-56-20171221-09:49:59-13000;56;Network.user[1];0.00093285273467886;53119
uniformCQI-56-20171221-09:49:59-13000;56;Network.user[2];0.0012690796932171;49799
uniformCQI-56-20171221-09:49:59-13000;56;Network.user[3];0.00092942880040865;53467
uniformCQI-56-20171221-09:49:59-13000;56;Network.user[4];0.0013355253635997;48009
uniformCQI-56-20171221-09:49:59-13000;56;Network.user[5];0.0039332885403873;35035
uniformCQI-56-20171221-09:49:59-13000;56;Network.user[6];0.00061621724557169;59095
uniformCQI-56-20171221-09:49:59-13000;56;Network.user[7];0.0048084524509359;32867
uniformCQI-56-20171221-09:49:59-13000;56;Network.user[8];0.00056027492594106;60748
uniformCQI-56-20171221-09:49:59-13000;56;Network.user[9];0.00060543766816411;59445
uniformCQI-57-20171221-09:50:00-4036;57;Network.user[0];0.0053419345513511;31224
uniformCQI-57-20171221-09:50:00-4036;57;Network.user[1];0.0015213690853959;46959
uniformCQI-57-20171221-09:50:00-4036;57;Network.user[2];0.00093238132005986;53584
uniformCQI-57-20171221-09:50:00-4036;57;Network.user[3];0.0016983454837014;46327
uniformCQI-57-20171221-09:50:00-4036;57;Network.user[4];0.00085618083607358;54638
uniformCQI-57-20171221-09:50:00-4036;57;Network.user[5];0.00064543561017622;58804
uniformCQI-57-20171221-09:50:00-4036;57;Network.user[6];0.00065430075855156;58870
uniformCQI-57-20171221-09:50:00-4036;57;Network.user[7];0.00059113952421216;59737
uniformCQI-57-20171221-09:50:00-4036;57;Network.user[8];0.0020056461799487;44852
uniformCQI-57-20171221-09:50:00-4036;57;Network.user[9];0.0015618422004574;46678
uniformCQI-58-20171221-09:50:00-11376;58;Network.user[0];0.0045328722520612;34816
uniformCQI-58-20171221-09:50:00-11376;58;Network.user[1];0.0027127288554199;40903
uniformCQI-58-20171221-09:50:00-11376;58;Network.user[2];0.0011785128427547;49775
uniformCQI-58-20171221-09:50:00-11376;58;Network.user[3];0.0010831445233261;51551
uniformCQI-58-20171221-09:50:00-11376;58;Network.user[4];0.0026771088359468;42300
uniformCQI-58-20171221-09:50:00-11376;58;Network.user[5];0.0015389395652357;47290
uniformCQI-58-20171221-09:50:00-11376;58;Network.user[6];0.00074508599376896;56680
uniformCQI-58-20171221-09:50:00-11376;58;Network.user[7];0.00053938611579159;61075
uniformCQI-58-20171221-09:50:00-11376;58;Network.user[8];0.00061173669939755;59378
uniformCQI-58-20171221-09:50:00-11376;58;Network.user[9];0.00069311953276999;57444
uniformCQI-59-20171221-09:50:01-10436;59;Network.user[0];0.0011914998184055;51431
uniformCQI-59-20171221-09:50:01-10436;59;Network.user[1];0.0010611340449497;50937
uniformCQI-59-20171221-09:50:01-10436;59;Network.user[2];0.0055655841956842;31415
uniformCQI-59-20171221-09:50:01-10436;59;Network.user[3];0.00056329608478518;60648
uniformCQI-59-20171221-09:50:01-10436;59;Network.user[4];0.0008399442305314;54677
uniformCQI-59-20171221-09:50:01-10436;59;Network.user[5];0.0015893540963342;46290
uniformCQI-59-20171221-09:50:01-10436;59;Network.user[6];0.00069195530901651;57407
uniformCQI-59-20171221-09:50:01-10436;59;Network.user[7];0.0012095034687831;50174
uniformCQI-59-20171221-09:50:01-10436;59;Network.user[8];0.0030493294753453;37804
uniformCQI-59-20171221-09:50:01-10436;59;Network.user[9];0.00057632284992115;60065
uniformCQI-60-20171221-09:50:17-10104;60;Network.user[0];0.00057050605893078;60411
uniformCQI-60-20171221-09:50:17-10104;60;Network.user[1];0.0029978031739582;38548
uniformCQI-60-20171221-09:50:17-10104;60;Network.user[2];0.00091925348128019;53448
uniformCQI-60-20171221-09:50:17-10104;60;Network.user[3];0.00087160172004485;54511
uniformCQI-60-20171221-09:50:17-10104;60;Network.user[4];0.00083732130627405;56284
uniformCQI-60-20171221-09:50:17-10104;60;Network.user[5];0.0029682053175924;41162
uniformCQI-60-20171221-09:50:17-10104;60;Network.user[6];0.0010539278672929;52800
uniformCQI-60-20171221-09:50:17-10104;60;Network.user[7];0.0040194670940863;36103
uniformCQI-60-20171221-09:50:17-10104;60;Network.user[8];0.0014371807016205;47173
uniformCQI-60-20171221-09:50:17-10104;60;Network.user[9];0.00057901356013774;60183
uniformCQI-61-20171221-09:50:18-544;61;Network.user[0];0.0013221323213649;48548
uniformCQI-61-20171221-09:50:18-544;61;Network.user[1];0.00091630048863191;53638
uniformCQI-61-20171221-09:50:18-544;61;Network.user[2];0.0055365702586996;31141
uniformCQI-61-20171221-09:50:18-544;61;Network.user[3];0.0032371214024349;36650
uniformCQI-61-20171221-09:50:18-544;61;Network.user[4];0.0007224041057768;56953
uniformCQI-61-20171221-09:50:18-544;61;Network.user[5];0.00085899620729666;54880
uniformCQI-61-20171221-09:50:18-544;61;Network.user[6];0.00054855133229512;60959
uniformCQI-61-20171221-09:50:18-544;61;Network.user[7];0.0011628481203154;51167
uniformCQI-61-20171221-09:50:18-544;61;Network.user[8];0.00062644174305299;59097
uniformCQI-61-20171221-09:50:18-544;61;Network.user[9];0.0014199088333637;47040
uniformCQI-62-20171221-09:50:19-8216;62;Network.user[0];0.00079355374360635;55679
uniformCQI-62-20171221-09:50:19-8216;62;Network.user[1];0.0017555584496148;45291
uniformCQI-62-20171221-09:50:19-8216;62;Network.user[2];0.00055762724308506;60870
uniformCQI-62-20171221-09:50:19-8216;62;Network.user[3];0.0056521710775958;30743
uniformCQI-62-20171221-09:50:19-8216;62;Network.user[4];0.0012665043444675;49676
uniformCQI-62-20171221-09:50:19-8216;62;Network.user[5];0.00067012266058903;58326
uniformCQI-62-20171221-09:50:19-8216;62;Network.user[6];0.0021378031046412;43098
uniformCQI-62-20171221-09:50:19-8216;62;Network.user[7];0.00056788262181867;60606
uniformCQI-62-20171221-09:50:19-8216;62;Network.user[8];0.0019832604133468;42799
uniformCQI-62-20171221-09:50:19-8216;62;Network.user[9];0.00086645596900876;54155
uniformCQI-63-20171221-09:50:20-15048;63;Network.user[0];0.00058745025799532;60266
uniformCQI-63-20171221-09:50:20-15048;63;Network.user[1];0.0010645642380812;51598
uniformCQI-63-20171221-09:50:20-15048;63;Network.user[2];0.00089309785851823;53712
uniformCQI-63-20171221-09:50:20-15048;63;Network.user[3];0.00059931110666009;59741
uniformCQI-63-20171221-09:50:20-15048;63;Network.user[4];0.0031493298442953;39374
uniformCQI-63-20171221-09:50:20-15048;63;Network.user[5];0.002601771253441;40583
uniformCQI-63-20171221-09:50:20-15048;63;Network.user[6];0.00066429058932163;58114
uniformCQI-63-20171221-09:50:20-15048;63;Network.user[7];0.0038962580665208;36258
uniformCQI-63-20171221-09:50:20-15048;63;Network.user[8];0.0020379811214097;43268
uniformCQI-63-20171221-09:50:20-15048;63;Network.user[9];0.00066266894082377;58317
uniformCQI-64-20171221-09:50:37-12872;64;Network.user[0];0.001099822449788;54709
uniformCQI-64-20171221-09:50:37-12872;64;Network.user[1];0.0015294467675623;51518
uniformCQI-64-20171221-09:50:37-12872;64;Network.user[2];0.0018416935825649;48842
uniformCQI-64-20171221-09:50:37-12872;64;Network.user[3];0.0010440344680411;52397
uniformCQI-64-20171221-09:50:37-12872;64;Network.user[4];0.00074072480713567;57056
uniformCQI-64-20171221-09:50:37-12872;64;Network.user[5];0.0021906658945966;43622
uniformCQI-64-20171221-09:50:37-12872;64;Network.user[6];0.0021722289205969;47151
uniformCQI-64-20171221-09:50:37-12872;64;Network.user[7];0.001748048508863;46896
uniformCQI-64-20171221-09:50:37-12872;64;Network.user[8];0.0011151934442958;54372
uniformCQI-64-20171221-09:50:37-12872;64;Network.user[9];0.0027963937971463;44281
uniformCQI-65-20171221-09:50:41-8252;65;Network.user[0];0.00078972037122328;55874
uniformCQI-65-20171221-09:50:41-8252;65;Network.user[1];0.00062386670026308;59029
uniformCQI-65-20171221-09:50:41-8252;65;Network.user[2];0.00083970696566857;54780
uniformCQI-65-20171221-09:50:41-8252;65;Network.user[3];0.0016524817620701;45991
uniformCQI-65-20171221-09:50:41-8252;65;Network.user[4];0.0026472947537121;41909
uniformCQI-65-20171221-09:50:41-8252;65;Network.user[5];0.0013999001431992;47533
uniformCQI-65-20171221-09:50:41-8252;65;Network.user[6];0.00076134048540459;56471
uniformCQI-65-20171221-09:50:41-8252;65;Network.user[7];0.00054963822764535;60954
uniformCQI-65-20171221-09:50:41-8252;65;Network.user[8];0.0026105905409858;43716
uniformCQI-65-20171221-09:50:41-8252;65;Network.user[9];0.0043344866661884;34593
uniformCQI-66-20171221-09:50:46-7968;66;Network.user[0];0.0022642013263292;42424
uniformCQI-66-20171221-09:50:46-7968;66;Network.user[1];0.00086547220195952;54309
uniformCQI-66-20171221-09:50:46-7968;66;Network.user[2];0.0010931848031555;52354
uniformCQI-66-20171221-09:50:46-7968;66;Network.user[3];0.0006096790981775;59364
uniformCQI-66-20171221-09:50:46-7968;66;Network.user[4];0.003587296949523;36750
uniformCQI-66-20171221-09:50:46-7968;66;Network.user[5];0.00085696051855017;54360
uniformCQI-66-20171221-09:50:46-7968;66;Network.user[6];0.0005719444191446;60307
uniformCQI-66-20171221-09:50:46-7968;66;Network.user[7];0.0022221473666428;43770
uniformCQI-66-20171221-09:50:46-7968;66;Network.user[8];0.00063524828188775;58980
uniformCQI-66-20171221-09:50:46-7968;66;Network.user[9];0.0033391481736683;38423
uniformCQI-67-20171221-09:50:42-13080;67;Network.user[0];0.00064581856956252;58382
uniformCQI-67-20171221-09:50:42-13080;67;Network.user[1];0.003478742133272;38081
uniformCQI-67-20171221-09:50:42-13080;67;Network.user[2];0.00054342136734771;61230
uniformCQI-67-20171221-09:50:42-13080;67;Network.user[3];0.0016807595414151;45271
uniformCQI-67-20171221-09:50:42-13080;67;Network.user[4];0.001201009978906;51106
uniformCQI-67-20171221-09:50:42-13080;67;Network.user[5];0.0009776037475425;53108
uniformCQI-67-20171221-09:50:42-13080;67;Network.user[6];0.00079471114546422;56496
uniformCQI-67-20171221-09:50:42-13080;67;Network.user[7];0.002836155518125;41031
uniformCQI-67-20171221-09:50:42-13080;67;Network.user[8];0.00078286139933202;56201
uniformCQI-67-20171221-09:50:42-13080;67;Network.user[9];0.0030485338631415;40739
uniformCQI-68-20171221-09:51:01-1184;68;Network.user[0];0.00054143726362189;61109
uniformCQI-68-20171221-09:51:01-1184;68;Network.user[1];0.0033185903678779;38983
uniformCQI-68-20171221-09:51:01-1184;68;Network.user[2];0.002329787242137;43720
uniformCQI-68-20171221-09:51:01-1184;68;Network.user[3];0.00093524643309104;54130
uniformCQI-68-20171221-09:51:01-1184;68;Network.user[4];0.00091917739102381;54067
uniformCQI-68-20171221-09:51:01-1184;68;Network.user[5];0.0019539020938481;45973
uniformCQI-68-20171221-09:51:01-1184;68;Network.user[6];0.0040521460792176;35408
uniformCQI-68-20171221-09:51:01-1184;68;Network.user[7];0.00072580126161283;57147
uniformCQI-68-20171221-09:51:01-1184;68;Network.user[8];0.00075831701949388;57369
uniformCQI-68-20171221-09:51:01-1184;68;Network.user[9];0.0010263952463034;52773
uniformCQI-69-20171221-09:51:01-12792;69;Network.user[0];0.00071978579948839;56964
uniformCQI-69-20171221-09:51:01-12792;69;Network.user[1];0.00077909518775492;56238
uniformCQI-69-20171221-09:51:01-12792;69;Network.user[2];0.002793759626868;38098
uniformCQI-69-20171221-09:51:01-12792;69;Network.user[3];0.00094056232244751;52979
uniformCQI-69-20171221-09:51:01-12792;69;Network.user[4];0.0054463935304848;31766
uniformCQI-69-20171221-09:51:01-12792;69;Network.user[5];0.0012699606667935;49046
uniformCQI-69-20171221-09:51:01-12792;69;Network.user[6];0.00054203201429511;61161
uniformCQI-69-20171221-09:51:01-12792;69;Network.user[7];0.0022128101651016;42641
uniformCQI-69-20171221-09:51:01-12792;69;Network.user[8];0.00084650439877719;55657
uniformCQI-69-20171221-09:51:01-12792;69;Network.user[9];0.00075003791364268;56649
uniformCQI-70-20171221-09:51:01-8588;70;Network.user[0];0.00068016437144135;58162
uniformCQI-70-20171221-09:51:01-8588;70;Network.user[1];0.0018788952047448;45890
uniformCQI-70-20171221-09:51:01-8588;70;Network.user[2];0.00060810483462188;59542
uniformCQI-70-20171221-09:51:01-8588;70;Network.user[3];0.0017820855967359;46782
uniformCQI-70-20171221-09:51:01-8588;70;Network.user[4];0.0039929370635359;37200
uniformCQI-70-20171221-09:51:01-8588;70;Network.user[5];0.0015486325912287;48419
uniformCQI-70-20171221-09:51:01-8588;70;Network.user[6];0.00065431786191941;58550
uniformCQI-70-20171221-09:51:01-8588;70;Network.user[7];0.001636960528574;45814
uniformCQI-70-20171221-09:51:01-8588;70;Network.user[8];0.00065670858192989;58398
uniformCQI-70-20171221-09:51:01-8588;70;Network.user[9];0.0026844538059673;41281
uniformCQI-71-20171221-09:51:05-14320;71;Network.user[0];0.0037700317979607;36040
uniformCQI-71-20171221-09:51:05-14320;71;Network.user[1];0.00071274737539823;57489
uniformCQI-71-20171221-09:51:05-14320;71;Network.user[2];0.001813665702232;49044
uniformCQI-71-20171221-09:51:05-14320;71;Network.user[3];0.0020527991496161;42185
uniformCQI-71-20171221-09:51:05-14320;71;Network.user[4];0.00099769329503257;52058
uniformCQI-71-20171221-09:51:05-14320;71;Network.user[5];0.0012791565414002;48589
uniformCQI-71-20171221-09:51:05-14320;71;Network.user[6];0.00055590385913337;60630
uniformCQI-71-20171221-09:51:05-14320;71;Network.user[7];0.00060278087705658;59502
uniformCQI-71-20171221-09:51:05-14320;71;Network.user[8];0.0007055592412081;56857
uniformCQI-71-20171221-09:51:05-14320;71;Network.user[9];0.0036812994526034;38770
uniformCQI-72-20171221-09:51:19-6060;72;Network.user[0];0.00057339983977303;60028
uniformCQI-72-20171221-09:51:19-6060;72;Network.user[1];0.00069304280474375;57721
uniformCQI-72-20171221-09:51:19-6060;72;Network.user[2];0.0024350477680072;41199
uniformCQI-72-20171221-09:51:19-6060;72;Network.user[3];0.00058233646391072;59827
uniformCQI-72-20171221-09:51:19-6060;72;Network.user[4];0.0050294635290251;31833
uniformCQI-72-20171221-09:51:19-6060;72;Network.user[5];0.00095064844551237;52820
uniformCQI-72-20171221-09:51:19-6060;72;Network.user[6];0.00094979790223766;53662
uniformCQI-72-20171221-09:51:19-6060;72;Network.user[7];0.0019726201268331;43613
uniformCQI-72-20171221-09:51:19-6060;72;Network.user[8];0.0019528145375745;44907
uniformCQI-72-20171221-09:51:19-6060;72;Network.user[9];0.00087203436102023;54123
uniformCQI-73-20171221-09:51:19-14356;73;Network.user[0];0.0019351113291704;46454
uniformCQI-73-20171221-09:51:19-14356;73;Network.user[1];0.00058277236564386;60099
uniformCQI-73-20171221-09:51:19-14356;73;Network.user[2];0.0005537470286205;60587
uniformCQI-73-20171221-09:51:19-14356;73;Network.user[3];0.0014310777405764;47443
uniformCQI-73-20171221-09:51:19-14356;73;Network.user[4];0.002574826680419;39613
uniformCQI-73-20171221-09:51:19-14356;73;Network.user[5];0.0006783646164781;57924
uniformCQI-73-20171221-09:51:19-14356;73;Network.user[6];0.0012774037415793;49995
uniformCQI-73-20171221-09:51:19-14356;73;Network.user[7];0.00075221626936999;56159
uniformCQI-73-20171221-09:51:19-14356;73;Network.user[8];0.0054019979376221;31837
uniformCQI-73-20171221-09:51:19-14356;73;Network.user[9];0.0011402010972224;50754
uniformCQI-74-20171221-09:51:19-14768;74;Network.user[0];0.00072057096574645;57100
uniformCQI-74-20171221-09:51:19-14768;74;Network.user[1];0.00060972788674865;59453
uniformCQI-74-20171221-09:51:19-14768;74;Network.user[2];0.0024847615691174;41596
uniformCQI-74-20171221-09:51:19-14768;74;Network.user[3];0.00089064232664525;53996
uniformCQI-74-20171221-09:51:19-14768;74;Network.user[4];0.0006120217632773;59732
uniformCQI-74-20171221-09:51:19-14768;74;Network.user[5];0.00068423497130877;57883
uniformCQI-74-20171221-09:51:19-14768;74;Network.user[6];0.003883924671963;36780
uniformCQI-74-20171221-09:51:19-14768;74;Network.user[7];0.001398086573576;49932
uniformCQI-74-20171221-09:51:19-14768;74;Network.user[8];0.0016145133088155;47326
uniformCQI-74-20171221-09:51:19-14768;74;Network.user[9];0.0033980782087652;37452
uniformCQI-75-20171221-09:51:23-15332;75;Network.user[0];0.0042460141926443;34536
uniformCQI-75-20171221-09:51:23-15332;75;Network.user[1];0.00068400729154101;58054
uniformCQI-75-20171221-09:51:23-15332;75;Network.user[2];0.0030371796145602;38111
uniformCQI-75-20171221-09:51:23-15332;75;Network.user[3];0.0029687208602487;39143
uniformCQI-75-20171221-09:51:23-15332;75;Network.user[4];0.00086161444464241;54677
uniformCQI-75-20171221-09:51:23-15332;75;Network.user[5];0.00085936210512013;54264
uniformCQI-75-20171221-09:51:23-15332;75;Network.user[6];0.00065221162284973;58609
uniformCQI-75-20171221-09:51:23-15332;75;Network.user[7];0.0013940483372463;47087
uniformCQI-75-20171221-09:51:23-15332;75;Network.user[8];0.00069752251338065;57524
uniformCQI-75-20171221-09:51:23-15332;75;Network.user[9];0.00062384476015886;59199
uniformCQI-76-20171221-09:51:39-3980;76;Network.user[0];0.0009221135614885;53812
uniformCQI-76-20171221-09:51:39-3980;76;Network.user[1];0.0014726289614326;46743
uniformCQI-76-20171221-09:51:39-3980;76;Network.user[2];0.0010451920845865;53317
uniformCQI-76-20171221-09:51:39-3980;76;Network.user[3];0.0023764997067912;40757
uniformCQI-76-20171221-09:51:39-3980;76;Network.user[4];0.0053626310737157;31613
uniformCQI-76-20171221-09:51:39-3980;76;Network.user[5];0.0018306589805174;45298
uniformCQI-76-20171221-09:51:39-3980;76;Network.user[6];0.00057451559099423;60432
uniformCQI-76-20171221-09:51:39-3980;76;Network.user[7];0.00055271624022638;60708
uniformCQI-76-20171221-09:51:39-3980;76;Network.user[8];0.00070619276845819;57790
uniformCQI-76-20171221-09:51:39-3980;76;Network.user[9];0.0011448112201994;51298
uniformCQI-77-20171221-09:51:39-11112;77;Network.user[0];0.0013157771029874;49095
uniformCQI-77-20171221-09:51:39-11112;77;Network.user[1];0.0055012243577903;30899
uniformCQI-77-20171221-09:51:39-11112;77;Network.user[2];0.00079544778889962;57128
uniformCQI-77-20171221-09:51:39-11112;77;Network.user[3];0.00058466001922446;60319
uniformCQI-77-20171221-09:51:39-11112;77;Network.user[4];0.0011501081368108;50923
uniformCQI-77-20171221-09:51:39-11112;77;Network.user[5];0.00099253188619278;52366
uniformCQI-77-20171221-09:51:39-11112;77;Network.user[6];0.00091270550167185;53650
uniformCQI-77-20171221-09:51:39-11112;77;Network.user[7];0.0022996110195214;43009
uniformCQI-77-20171221-09:51:39-11112;77;Network.user[8];0.0018606015223972;44412
uniformCQI-77-20171221-09:51:39-11112;77;Network.user[9];0.00059267311786973;59965
uniformCQI-78-20171221-09:51:39-7812;78;Network.user[0];0.003740312507896;36330
uniformCQI-78-20171221-09:51:39-7812;78;Network.user[1];0.0014290229071716;50890
uniformCQI-78-20171221-09:51:39-7812;78;Network.user[2];0.0025245418231788;40402
uniformCQI-78-20171221-09:51:39-7812;78;Network.user[3];0.00093836401919066;53341
uniformCQI-78-20171221-09:51:39-7812;78;Network.user[4];0.00061695480746434;59284
uniformCQI-78-20171221-09:51:39-7812;78;Network.user[5];0.00054558680169403;61401
uniformCQI-78-20171221-09:51:39-7812;78;Network.user[6];0.00061779273838219;59470
uniformCQI-78-20171221-09:51:39-7812;78;Network.user[7];0.00095315443499306;53475
uniformCQI-78-20171221-09:51:39-7812;78;Network.user[8];0.0032800860513969;37933
uniformCQI-78-20171221-09:51:39-7812;78;Network.user[9];0.0014241429937139;48225
uniformCQI-79-20171221-09:51:45-7676;79;Network.user[0];0.0008709073516072;53853
uniformCQI-79-20171221-09:51:45-7676;79;Network.user[1];0.0013020438677315;48967
uniformCQI-79-20171221-09:51:45-7676;79;Network.user[2];0.002771527943799;45003
uniformCQI-79-20171221-09:51:45-7676;79;Network.user[3];0.0013557652272263;47967
uniformCQI-79-20171221-09:51:45-7676;79;Network.user[4];0.00068614785061764;57920
uniformCQI-79-20171221-09:51:45-7676;79;Network.user[5];0.0010138160670034;53413
uniformCQI-79-20171221-09:51:45-7676;79;Network.user[6];0.0041843158230587;34775
uniformCQI-79-20171221-09:51:45-7676;79;Network.user[7];0.00054135030683073;61034
uniformCQI-79-20171221-09:51:45-7676;79;Network.user[8];0.0011900196145281;52003
uniformCQI-79-20171221-09:51:45-7676;79;Network.user[9];0.001963075287816;46920
uniformCQI-80-20171221-09:51:56-7068;80;Network.user[0];0.00097640911702516;54880
uniformCQI-80-20171221-09:51:56-7068;80;Network.user[1];0.00089725306873168;54681
uniformCQI-80-20171221-09:51:56-7068;80;Network.user[2];0.00073805242142651;56658
uniformCQI-80-20171221-09:51:56-7068;80;Network.user[3];0.0036790076485458;37523
uniformCQI-80-20171221-09:51:56-7068;80;Network.user[4];0.00080276214545459;55385
uniformCQI-80-20171221-09:51:56-7068;80;Network.user[5];0.0019250772023635;43350
uniformCQI-80-20171221-09:51:56-7068;80;Network.user[6];0.00087279144198351;54319
uniformCQI-80-20171221-09:51:56-7068;80;Network.user[7];0.0044444298305434;34402
uniformCQI-80-20171221-09:51:56-7068;80;Network.user[8];0.00056937795260179;60222
uniformCQI-80-20171221-09:51:56-7068;80;Network.user[9];0.0013193502329176;49893
uniformCQI-81-20171221-09:51:56-7584;81;Network.user[0];0.0016146345526223;45562
uniformCQI-81-20171221-09:51:56-7584;81;Network.user[1];0.0011730691739572;50155
uniformCQI-81-20171221-09:51:56-7584;81;Network.user[2];0.00071186404067585;57016
uniformCQI-81-20171221-09:51:56-7584;81;Network.user[3];0.00088521677953039;53589
uniformCQI-81-20171221-09:51:56-7584;81;Network.user[4];0.0057881243705318;30788
uniformCQI-81-20171221-09:51:56-7584;81;Network.user[5];0.00059118127333989;59826
uniformCQI-81-20171221-09:51:56-7584;81;Network.user[6];0.0025591394896522;39717
uniformCQI-81-20171221-09:51:56-7584;81;Network.user[7];0.00064308095073309;58550
uniformCQI-81-20171221-09:51:56-7584;81;Network.user[8];0.00054950204492192;61025
uniformCQI-81-20171221-09:51:56-7584;81;Network.user[9];0.0015847938422376;46051
uniformCQI-82-20171221-09:51:56-1492;82;Network.user[0];0.00082704960993216;55147
uniformCQI-82-20171221-09:51:56-1492;82;Network.user[1];0.00081755774552275;55958
uniformCQI-82-20171221-09:51:56-1492;82;Network.user[2];0.00059995397109545;59577
uniformCQI-82-20171221-09:51:56-1492;82;Network.user[3];0.0023032681946735;41125
uniformCQI-82-20171221-09:51:56-1492;82;Network.user[4];0.0026194303717244;43567
uniformCQI-82-20171221-09:51:56-1492;82;Network.user[5];0.00098109282563989;52728
uniformCQI-82-20171221-09:51:56-1492;82;Network.user[6];0.0028508366447629;39072
uniformCQI-82-20171221-09:51:56-1492;82;Network.user[7];0.00055116808425106;60925
uniformCQI-82-20171221-09:51:56-1492;82;Network.user[8];0.0040042478700841;37963
uniformCQI-82-20171221-09:51:56-1492;82;Network.user[9];0.00090476434797908;53897
uniformCQI-83-20171221-09:52:02-5012;83;Network.user[0];0.0044945246734506;33647
uniformCQI-83-20171221-09:52:02-5012;83;Network.user[1];0.0039133569863518;35223
uniformCQI-83-20171221-09:52:02-5012;83;Network.user[2];0.00086352791909795;54749
uniformCQI-83-20171221-09:52:02-5012;83;Network.user[3];0.00081374215790388;56388
uniformCQI-83-20171221-09:52:02-5012;83;Network.user[4];0.00080494700087997;56873
uniformCQI-83-20171221-09:52:02-5012;83;Network.user[5];0.0012492021129586;49016
uniformCQI-83-20171221-09:52:02-5012;83;Network.user[6];0.0011865661772107;51143
uniformCQI-83-20171221-09:52:02-5012;83;Network.user[7];0.00061771379553076;59254
uniformCQI-83-20171221-09:52:02-5012;83;Network.user[8];0.00081696035597654;55539
uniformCQI-83-20171221-09:52:02-5012;83;Network.user[9];0.001301501959815;49036
uniformCQI-84-20171221-09:52:13-3700;84;Network.user[0];0.0012634998364895;50775
uniformCQI-84-20171221-09:52:13-3700;84;Network.user[1];0.0015220515090123;49113
uniformCQI-84-20171221-09:52:13-3700;84;Network.user[2];0.001538539878824;48456
uniformCQI-84-20171221-09:52:13-3700;84;Network.user[3];0.0018228408998474;44608
uniformCQI-84-20171221-09:52:13-3700;84;Network.user[4];0.00069310774918073;57888
uniformCQI-84-20171221-09:52:13-3700;84;Network.user[5];0.0054839379095739;31472
uniformCQI-84-20171221-09:52:13-3700;84;Network.user[6];0.0011815730901787;51764
uniformCQI-84-20171221-09:52:13-3700;84;Network.user[7];0.00058414238288827;60304
uniformCQI-84-20171221-09:52:13-3700;84;Network.user[8];0.0014070652412858;48188
uniformCQI-84-20171221-09:52:13-3700;84;Network.user[9];0.0006296492312308;59068
uniformCQI-85-20171221-09:52:13-11180;85;Network.user[0];0.00066800763950104;58259
uniformCQI-85-20171221-09:52:13-11180;85;Network.user[1];0.0017967278293472;49155
uniformCQI-85-20171221-09:52:13-11180;85;Network.user[2];0.0023796468826494;40080
uniformCQI-85-20171221-09:52:13-11180;85;Network.user[3];0.00097827677063162;53015
uniformCQI-85-20171221-09:52:13-11180;85;Network.user[4];0.0019016705154053;43886
uniformCQI-85-20171221-09:52:13-11180;85;Network.user[5];0.00066064420296368;58810
uniformCQI-85-20171221-09:52:13-11180;85;Network.user[6];0.0008464581572597;55004
uniformCQI-85-20171221-09:52:13-11180;85;Network.user[7];0.0006706578884811;57959
uniformCQI-85-20171221-09:52:13-11180;85;Network.user[8];0.0012328620713314;50566
uniformCQI-85-20171221-09:52:13-11180;85;Network.user[9];0.0048848071497725;34490
uniformCQI-86-20171221-09:52:14-4460;86;Network.user[0];0.00099669563251114;51926
uniformCQI-86-20171221-09:52:14-4460;86;Network.user[1];0.00071186917467967;57491
uniformCQI-86-20171221-09:52:14-4460;86;Network.user[2];0.0057483197770915;30658
uniformCQI-86-20171221-09:52:14-4460;86;Network.user[3];0.0028268508960134;37674
uniformCQI-86-20171221-09:52:14-4460;86;Network.user[4];0.00060448238277823;59568
uniformCQI-86-20171221-09:52:14-4460;86;Network.user[5];0.00058136955623366;60188
uniformCQI-86-20171221-09:52:14-4460;86;Network.user[6];0.0011740613808512;50374
uniformCQI-86-20171221-09:52:14-4460;86;Network.user[7];0.00069425786324224;57499
uniformCQI-86-20171221-09:52:14-4460;86;Network.user[8];0.0013990563417694;46935
uniformCQI-86-20171221-09:52:14-4460;86;Network.user[9];0.0012874027116996;49329
uniformCQI-87-20171221-09:52:19-3188;87;Network.user[0];0.0010233416418965;51863
uniformCQI-87-20171221-09:52:19-3188;87;Network.user[1];0.00067437023703974;58049
uniformCQI-87-20171221-09:52:19-3188;87;Network.user[2];0.00057374739154779;60575
uniformCQI-87-20171221-09:52:19-3188;87;Network.user[3];0.0026049179855823;42043
uniformCQI-87-20171221-09:52:19-3188;87;Network.user[4];0.0025731611901741;40612
uniformCQI-87-20171221-09:52:19-3188;87;Network.user[5];0.00078967141969198;55618
uniformCQI-87-20171221-09:52:19-3188;87;Network.user[6];0.00068174715716844;57843
uniformCQI-87-20171221-09:52:19-3188;87;Network.user[7];0.0027152396850229;39719
uniformCQI-87-20171221-09:52:19-3188;87;Network.user[8];0.00070321435996271;57488
uniformCQI-87-20171221-09:52:19-3188;87;Network.user[9];0.0036861264375385;38400
uniformCQI-88-20171221-09:52:29-13172;88;Network.user[0];0.00062995146624229;59019
uniformCQI-88-20171221-09:52:29-13172;88;Network.user[1];0.0017439177876264;45306
uniformCQI-88-20171221-09:52:29-13172;88;Network.user[2];0.0005845122201841;60146
uniformCQI-88-20171221-09:52:29-13172;88;Network.user[3];0.0012451666699218;50439
uniformCQI-88-20171221-09:52:29-13172;88;Network.user[4];0.0018494540581978;45992
uniformCQI-88-20171221-09:52:29-13172;88;Network.user[5];0.0020782973290831;43208
uniformCQI-88-20171221-09:52:29-13172;88;Network.user[6];0.00081920712958916;54858
uniformCQI-88-20171221-09:52:29-13172;88;Network.user[7];0.00056903130083003;60674
uniformCQI-88-20171221-09:52:29-13172;88;Network.user[8];0.0012585216988084;50543
uniformCQI-88-20171221-09:52:29-13172;88;Network.user[9];0.0052282806518071;31605
uniformCQI-89-20171221-09:52:30-14480;89;Network.user[0];0.001172999673856;52363
uniformCQI-89-20171221-09:52:30-14480;89;Network.user[1];0.0034454428964105;37615
uniformCQI-89-20171221-09:52:30-14480;89;Network.user[2];0.0016378602052818;49467
uniformCQI-89-20171221-09:52:30-14480;89;Network.user[3];0.00098306174377215;55989
uniformCQI-89-20171221-09:52:30-14480;89;Network.user[4];0.00097717883562701;53228
uniformCQI-89-20171221-09:52:30-14480;89;Network.user[5];0.0015899857018062;46199
uniformCQI-89-20171221-09:52:30-14480;89;Network.user[6];0.0037462935019205;37506
uniformCQI-89-20171221-09:52:30-14480;89;Network.user[7];0.00096270233014869;54793
uniformCQI-89-20171221-09:52:30-14480;89;Network.user[8];0.00065035667335469;58882
uniformCQI-89-20171221-09:52:30-14480;89;Network.user[9];0.00088706978935975;54437
uniformCQI-90-20171221-09:52:30-4660;90;Network.user[0];0.0030484449129947;41731
uniformCQI-90-20171221-09:52:30-4660;90;Network.user[1];0.002615526210611;39939
uniformCQI-90-20171221-09:52:30-4660;90;Network.user[2];0.00099505925490262;52160
uniformCQI-90-20171221-09:52:30-4660;90;Network.user[3];0.0023423734222115;42185
uniformCQI-90-20171221-09:52:30-4660;90;Network.user[4];0.0013790182621447;50374
uniformCQI-90-20171221-09:52:30-4660;90;Network.user[5];0.0029440479148308;39761
uniformCQI-90-20171221-09:52:30-4660;90;Network.user[6];0.0006019500116661;59608
uniformCQI-90-20171221-09:52:30-4660;90;Network.user[7];0.00056700078760382;60465
uniformCQI-90-20171221-09:52:30-4660;90;Network.user[8];0.00074826699064801;56156
uniformCQI-90-20171221-09:52:30-4660;90;Network.user[9];0.00060288408812664;59670
uniformCQI-91-20171221-09:52:36-6888;91;Network.user[0];0.00062764552410362;58990
uniformCQI-91-20171221-09:52:36-6888;91;Network.user[1];0.00087625352050027;55564
uniformCQI-91-20171221-09:52:36-6888;91;Network.user[2];0.0042854175386211;34062
uniformCQI-91-20171221-09:52:36-6888;91;Network.user[3];0.00056796127880799;60546
uniformCQI-91-20171221-09:52:36-6888;91;Network.user[4];0.0036869860197346;40142
uniformCQI-91-20171221-09:52:36-6888;91;Network.user[5];0.00070006964469561;57461
uniformCQI-91-20171221-09:52:36-6888;91;Network.user[6];0.0011110623768561;51570
uniformCQI-91-20171221-09:52:36-6888;91;Network.user[7];0.0015575957603888;46494
uniformCQI-91-20171221-09:52:36-6888;91;Network.user[8];0.0014881666342216;47049
uniformCQI-91-20171221-09:52:36-6888;91;Network.user[9];0.0013290507425099;49289
uniformCQI-92-20171221-09:52:48-10544;92;Network.user[0];0.0057090008608949;30762
uniformCQI-92-20171221-09:52:48-10544;92;Network.user[1];0.00053840622561325;61173
uniformCQI-92-20171221-09:52:48-10544;92;Network.user[2];0.00078848467050611;55791
uniformCQI-92-20171221-09:52:48-10544;92;Network.user[3];0.00086886392270584;54455
uniformCQI-92-20171221-09:52:48-10544;92;Network.user[4];0.00070900421331378;57154
uniformCQI-92-20171221-09:52:48-10544;92;Network.user[5];0.00066413088897093;58509
uniformCQI-92-20171221-09:52:48-10544;92;Network.user[6];0.0015240259957784;46149
uniformCQI-92-20171221-09:52:48-10544;92;Network.user[7];0.0014982763500186;47053
uniformCQI-92-20171221-09:52:48-10544;92;Network.user[8];0.0027317701491935;38808
uniformCQI-92-20171221-09:52:48-10544;92;Network.user[9];0.0010278734523558;51833
uniformCQI-93-20171221-09:52:49-7744;93;Network.user[0];0.0012814187409395;50825
uniformCQI-93-20171221-09:52:49-7744;93;Network.user[1];0.0017177569774495;46794
uniformCQI-93-20171221-09:52:49-7744;93;Network.user[2];0.0038959299386865;34932
uniformCQI-93-20171221-09:52:49-7744;93;Network.user[3];0.00057403924419371;60298
uniformCQI-93-20171221-09:52:49-7744;93;Network.user[4];0.0010847737186306;51064
uniformCQI-93-20171221-09:52:49-7744;93;Network.user[5];0.00085055511551325;54670
uniformCQI-93-20171221-09:52:49-7744;93;Network.user[6];0.0022970135590151;43709
uniformCQI-93-20171221-09:52:49-7744;93;Network.user[7];0.0005615438941383;60900
uniformCQI-93-20171221-09:52:49-7744;93;Network.user[8];0.00070304395154675;57396
uniformCQI-93-20171221-09:52:49-7744;93;Network.user[9];0.0027731558290342;41045
uniformCQI-94-20171221-09:52:49-1612;94;Network.user[0];0.0010607781144095;51237
uniformCQI-94-20171221-09:52:49-1612;94;Network.user[1];0.00074264156105661;56589
uniformCQI-94-20171221-09:52:49-1612;94;Network.user[2];0.0038737549642206;36078
uniformCQI-94-20171221-09:52:49-1612;94;Network.user[3];0.0037685011720623;36268
uniformCQI-94-20171221-09:52:49-1612;94;Network.user[4];0.00062767378804477;59203
uniformCQI-94-20171221-09:52:49-1612;94;Network.user[5];0.0020483806278078;46775
uniformCQI-94-20171221-09:52:49-1612;94;Network.user[6];0.00058931769682647;59950
uniformCQI-94-20171221-09:52:49-1612;94;Network.user[7];0.00096309613764896;53255
uniformCQI-94-20171221-09:52:49-1612;94;Network.user[8];0.0018739697065937;43062
uniformCQI-94-20171221-09:52:49-1612;94;Network.user[9];0.00063385896349233;59294
uniformCQI-95-20171221-09:52:55-14140;95;Network.user[0];0.0023769560372063;41737
uniformCQI-95-20171221-09:52:55-14140;95;Network.user[1];0.00066973600419801;58178
uniformCQI-95-20171221-09:52:55-14140;95;Network.user[2];0.00068682271233712;57625
uniformCQI-95-20171221-09:52:55-14140;95;Network.user[3];0.003756655158245;37763
uniformCQI-95-20171221-09:52:55-14140;95;Network.user[4];0.0014967841098672;48978
uniformCQI-95-20171221-09:52:55-14140;95;Network.user[5];0.0013079810299473;50041
uniformCQI-95-20171221-09:52:55-14140;95;Network.user[6];0.0032822611297489;38979
uniformCQI-95-20171221-09:52:55-14140;95;Network.user[7];0.00054045839162633;61035
uniformCQI-95-20171221-09:52:55-14140;95;Network.user[8];0.000905419344367;53693
uniformCQI-95-20171221-09:52:55-14140;95;Network.user[9];0.0010340635221723;53068
uniformCQI-96-20171221-09:53:06-8092;96;Network.user[0];0.0011237645189206;51236
uniformCQI-96-20171221-09:53:06-8092;96;Network.user[1];0.00061914926771386;59183
uniformCQI-96-20171221-09:53:06-8092;96;Network.user[2];0.0031881489596858;39481
uniformCQI-96-20171221-09:53:06-8092;96;Network.user[3];0.00094788227239648;53711
uniformCQI-96-20171221-09:53:06-8092;96;Network.user[4];0.0025674999113764;44802
uniformCQI-96-20171221-09:53:06-8092;96;Network.user[5];0.00090658088240927;53726
uniformCQI-96-20171221-09:53:06-8092;96;Network.user[6];0.0027019839544104;42449
uniformCQI-96-20171221-09:53:06-8092;96;Network.user[7];0.0023208706276014;43155
uniformCQI-96-20171221-09:53:06-8092;96;Network.user[8];0.0011674920897506;51959
uniformCQI-96-20171221-09:53:06-8092;96;Network.user[9];0.00054079289337049;61153
uniformCQI-97-20171221-09:53:07-6668;97;Network.user[0];0.0028488487819125;39744
uniformCQI-97-20171221-09:53:07-6668;97;Network.user[1];0.00077139902912338;57448
uniformCQI-97-20171221-09:53:07-6668;97;Network.user[2];0.00061535606556381;59431
uniformCQI-97-20171221-09:53:07-6668;97;Network.user[3];0.0014208407461708;48024
uniformCQI-97-20171221-09:53:07-6668;97;Network.user[4];0.00069116341329996;57720
uniformCQI-97-20171221-09:53:07-6668;97;Network.user[5];0.00068415932782547;58013
uniformCQI-97-20171221-09:53:07-6668;97;Network.user[6];0.0011698274107073;51047
uniformCQI-97-20171221-09:53:07-6668;97;Network.user[7];0.0014999511658827;46987
uniformCQI-97-20171221-09:53:07-6668;97;Network.user[8];0.0012359241956608;50716
uniformCQI-97-20171221-09:53:07-6668;97;Network.user[9];0.0053574828654657;31356
uniformCQI-98-20171221-09:53:07-8216;98;Network.user[0];0.00081156283629121;56781
uniformCQI-98-20171221-09:53:07-8216;98;Network.user[1];0.0036101024720727;38397
uniformCQI-98-20171221-09:53:07-8216;98;Network.user[2];0.00075622621320333;56674
uniformCQI-98-20171221-09:53:07-8216;98;Network.user[3];0.0024798125574667;40956
uniformCQI-98-20171221-09:53:07-8216;98;Network.user[4];0.00068745422505066;57877
uniformCQI-98-20171221-09:53:07-8216;98;Network.user[5];0.00087160346897178;54221
uniformCQI-98-20171221-09:53:07-8216;98;Network.user[6];0.00055339200646795;60879
uniformCQI-98-20171221-09:53:07-8216;98;Network.user[7];0.0024569291436602;42207
uniformCQI-98-20171221-09:53:07-8216;98;Network.user[8];0.0017856567248933;44243
uniformCQI-98-20171221-09:53:07-8216;98;Network.user[9];0.0018983823542338;48497
uniformCQI-99-20171221-09:53:12-7724;99;Network.user[0];0.0012578771954768;48482
uniformCQI-99-20171221-09:53:12-7724;99;Network.user[1];0.0043594878476557;33393
uniformCQI-99-20171221-09:53:12-7724;99;Network.user[2];0.0009332667979218;53187
uniformCQI-99-20171221-09:53:12-7724;99;Network.user[3];0.00072921596751792;57006
uniformCQI-99-20171221-09:53:12-7724;99;Network.user[4];0.00074427693819502;56579
uniformCQI-99-20171221-09:53:12-7724;99;Network.user[5];0.00065842605309635;58629
uniformCQI-99-20171221-09:53:12-7724;99;Network.user[6];0.0024688095182509;40388
uniformCQI-99-20171221-09:53:12-7724;99;Network.user[7];0.003461511117931;37453
uniformCQI-99-20171221-09:53:12-7724;99;Network.user[8];0.00058665162325118;60216
uniformCQI-99-20171221-09:53:12-7724;99;Network.user[9];0.0007652679718302;56169
