run;repetition;Module;thr:mean
uniformCQI-0-20171221-10:07:24-10504;0;Network.user[0];41553.77162476
uniformCQI-0-20171221-10:07:24-10504;0;Network.user[1];41533.671848091
uniformCQI-0-20171221-10:07:24-10504;0;Network.user[2];41438.461794869
uniformCQI-0-20171221-10:07:24-10504;0;Network.user[3];41582.071310319
uniformCQI-0-20171221-10:07:24-10504;0;Network.user[4];41621.381984645
uniformCQI-0-20171221-10:07:24-10504;0;Network.user[5];41776.458039355
uniformCQI-0-20171221-10:07:24-10504;0;Network.user[6];41778.335796269
uniformCQI-0-20171221-10:07:24-10504;0;Network.user[7];41582.115754269
uniformCQI-0-20171221-10:07:24-10504;0;Network.user[8];41697.547805024
uniformCQI-0-20171221-10:07:24-10504;0;Network.user[9];41706.136598482
uniformCQI-1-20171221-10:07:24-2104;1;Network.user[0];41623.193075632
uniformCQI-1-20171221-10:07:24-2104;1;Network.user[1];41613.093187853
uniformCQI-1-20171221-10:07:24-2104;1;Network.user[2];41545.649492783
uniformCQI-1-20171221-10:07:24-2104;1;Network.user[3];41917.756469373
uniformCQI-1-20171221-10:07:24-2104;1;Network.user[4];41630.559660448
uniformCQI-1-20171221-10:07:24-2104;1;Network.user[5];41664.470394773
uniformCQI-1-20171221-10:07:24-2104;1;Network.user[6];41508.572126976
uniformCQI-1-20171221-10:07:24-2104;1;Network.user[7];41535.116276486
uniformCQI-1-20171221-10:07:24-2104;1;Network.user[8];41747.169475895
uniformCQI-1-20171221-10:07:24-2104;1;Network.user[9];41522.749747225
uniformCQI-2-20171221-10:07:24-7852;2;Network.user[0];41596.80447995
uniformCQI-2-20171221-10:07:24-7852;2;Network.user[1];41678.170242553
uniformCQI-2-20171221-10:07:24-7852;2;Network.user[2];41578.182464639
uniformCQI-2-20171221-10:07:24-7852;2;Network.user[3];41530.938545127
uniformCQI-2-20171221-10:07:24-7852;2;Network.user[4];41578.026910812
uniformCQI-2-20171221-10:07:24-7852;2;Network.user[5];41587.082365751
uniformCQI-2-20171221-10:07:24-7852;2;Network.user[6];41393.595626715
uniformCQI-2-20171221-10:07:24-7852;2;Network.user[7];41612.259863779
uniformCQI-2-20171221-10:07:24-7852;2;Network.user[8];41636.837368474
uniformCQI-2-20171221-10:07:24-7852;2;Network.user[9];41880.734658504
uniformCQI-3-20171221-10:07:24-14244;3;Network.user[0];41632.181864646
uniformCQI-3-20171221-10:07:24-14244;3;Network.user[1];41834.82405751
uniformCQI-3-20171221-10:07:24-14244;3;Network.user[2];41563.58262686
uniformCQI-3-20171221-10:07:24-14244;3;Network.user[3];41711.592093421
uniformCQI-3-20171221-10:07:24-14244;3;Network.user[4];41703.836624038
uniformCQI-3-20171221-10:07:24-14244;3;Network.user[5];41654.537171809
uniformCQI-3-20171221-10:07:24-14244;3;Network.user[6];41463.67262586
uniformCQI-3-20171221-10:07:24-14244;3;Network.user[7];41726.33637404
uniformCQI-3-20171221-10:07:24-14244;3;Network.user[8];41721.203097743
uniformCQI-3-20171221-10:07:24-14244;3;Network.user[9];41725.869712559
uniformCQI-4-20171221-10:07:37-9724;4;Network.user[0];41666.825924156
uniformCQI-4-20171221-10:07:37-9724;4;Network.user[1];41521.005322163
uniformCQI-4-20171221-10:07:37-9724;4;Network.user[2];41572.226975256
uniformCQI-4-20171221-10:07:37-9724;4;Network.user[3];41981.65575938
uniformCQI-4-20171221-10:07:37-9724;4;Network.user[4];41748.580571327
uniformCQI-4-20171221-10:07:37-9724;4;Network.user[5];41720.93643404
uniformCQI-4-20171221-10:07:37-9724;4;Network.user[6];41615.33760736
uniformCQI-4-20171221-10:07:37-9724;4;Network.user[7];41473.361407095
uniformCQI-4-20171221-10:07:37-9724;4;Network.user[8];41877.079143565
uniformCQI-4-20171221-10:07:37-9724;4;Network.user[9];41792.780080221
uniformCQI-5-20171221-10:07:37-10604;5;Network.user[0];41756.202708859
uniformCQI-5-20171221-10:07:37-10604;5;Network.user[1];41624.370840324
uniformCQI-5-20171221-10:07:37-10604;5;Network.user[2];41727.403028855
uniformCQI-5-20171221-10:07:37-10604;5;Network.user[3];41582.993522294
uniformCQI-5-20171221-10:07:37-10604;5;Network.user[4];41586.393484517
uniformCQI-5-20171221-10:07:37-10604;5;Network.user[5];42143.665070388
uniformCQI-5-20171221-10:07:37-10604;5;Network.user[6];41984.389062344
uniformCQI-5-20171221-10:07:37-10604;5;Network.user[7];41507.883245742
uniformCQI-5-20171221-10:07:37-10604;5;Network.user[8];41901.945533939
uniformCQI-5-20171221-10:07:37-10604;5;Network.user[9];41443.095076721
uniformCQI-6-20171221-10:07:37-2032;6;Network.user[0];41397.517805358
uniformCQI-6-20171221-10:07:37-2032;6;Network.user[1];41653.803846624
uniformCQI-6-20171221-10:07:37-2032;6;Network.user[2];41584.982389085
uniformCQI-6-20171221-10:07:37-2032;6;Network.user[3];41540.916212042
uniformCQI-6-20171221-10:07:37-2032;6;Network.user[4];41549.116120932
uniformCQI-6-20171221-10:07:37-2032;6;Network.user[5];41915.667603693
uniformCQI-6-20171221-10:07:37-2032;6;Network.user[6];41399.917778691
uniformCQI-6-20171221-10:07:37-2032;6;Network.user[7];41725.39194009
uniformCQI-6-20171221-10:07:37-2032;6;Network.user[8];41493.638959567
uniformCQI-6-20171221-10:07:37-2032;6;Network.user[9];41655.526049711
uniformCQI-7-20171221-10:07:37-11760;7;Network.user[0];41638.970678104
uniformCQI-7-20171221-10:07:37-11760;7;Network.user[1];41723.036410707
uniformCQI-7-20171221-10:07:37-11760;7;Network.user[2];41814.802057755
uniformCQI-7-20171221-10:07:37-11760;7;Network.user[3];42170.153664959
uniformCQI-7-20171221-10:07:37-11760;7;Network.user[4];41753.713847624
uniformCQI-7-20171221-10:07:37-11760;7;Network.user[5];41949.545005056
uniformCQI-7-20171221-10:07:37-11760;7;Network.user[6];41743.313963178
uniformCQI-7-20171221-10:07:37-11760;7;Network.user[7];41580.137998467
uniformCQI-7-20171221-10:07:37-11760;7;Network.user[8];41390.617882024
uniformCQI-7-20171221-10:07:37-11760;7;Network.user[9];41890.745658382
uniformCQI-8-20171221-10:07:53-15060;8;Network.user[0];41743.758402684
uniformCQI-8-20171221-10:07:53-15060;8;Network.user[1];41468.039244008
uniformCQI-8-20171221-10:07:53-15060;8;Network.user[2];41736.980700214
uniformCQI-8-20171221-10:07:53-15060;8;Network.user[3];41640.581771314
uniformCQI-8-20171221-10:07:53-15060;8;Network.user[4];41413.684292397
uniformCQI-8-20171221-10:07:53-15060;8;Network.user[5];41548.716125376
uniformCQI-8-20171221-10:07:53-15060;8;Network.user[6];41908.378795791
uniformCQI-8-20171221-10:07:53-15060;8;Network.user[7];41571.26031933
uniformCQI-8-20171221-10:07:53-15060;8;Network.user[8];41609.315452051
uniformCQI-8-20171221-10:07:53-15060;8;Network.user[9];41673.881401318
uniformCQI-9-20171221-10:07:53-11100;9;Network.user[0];41530.571882535
uniformCQI-9-20171221-10:07:53-11100;9;Network.user[1];42048.943900623
uniformCQI-9-20171221-10:07:53-11100;9;Network.user[2];41508.794346729
uniformCQI-9-20171221-10:07:53-11100;9;Network.user[3];41750.524994167
uniformCQI-9-20171221-10:07:53-11100;9;Network.user[4];41537.482916856
uniformCQI-9-20171221-10:07:53-11100;9;Network.user[5];41623.259741558
uniformCQI-9-20171221-10:07:53-11100;9;Network.user[6];41623.126409707
uniformCQI-9-20171221-10:07:53-11100;9;Network.user[7];41489.394562283
uniformCQI-9-20171221-10:07:53-11100;9;Network.user[8];41604.604393285
uniformCQI-9-20171221-10:07:53-11100;9;Network.user[9];41677.203586627
uniformCQI-10-20171221-10:07:53-14508;10;Network.user[0];41678.51468317
uniformCQI-10-20171221-10:07:53-14508;10;Network.user[1];41697.503361074
uniformCQI-10-20171221-10:07:53-14508;10;Network.user[2];41604.048843902
uniformCQI-10-20171221-10:07:53-14508;10;Network.user[3];41277.07469917
uniformCQI-10-20171221-10:07:53-14508;10;Network.user[4];41667.737025144
uniformCQI-10-20171221-10:07:53-14508;10;Network.user[5];41842.857301586
uniformCQI-10-20171221-10:07:53-14508;10;Network.user[6];41860.501549983
uniformCQI-10-20171221-10:07:53-14508;10;Network.user[7];41648.781680204
uniformCQI-10-20171221-10:07:53-14508;10;Network.user[8];41542.327307474
uniformCQI-10-20171221-10:07:53-14508;10;Network.user[9];41506.072154754
uniformCQI-11-20171221-10:07:54-8764;11;Network.user[0];41693.436739592
uniformCQI-11-20171221-10:07:54-8764;11;Network.user[1];41629.704114399
uniformCQI-11-20171221-10:07:54-8764;11;Network.user[2];41748.936122932
uniformCQI-11-20171221-10:07:54-8764;11;Network.user[3];41616.270930323
uniformCQI-11-20171221-10:07:54-8764;11;Network.user[4];41622.959744892
uniformCQI-11-20171221-10:07:54-8764;11;Network.user[5];41625.881934645
uniformCQI-11-20171221-10:07:54-8764;11;Network.user[6];41654.714947612
uniformCQI-11-20171221-10:07:54-8764;11;Network.user[7];41569.060343774
uniformCQI-11-20171221-10:07:54-8764;11;Network.user[8];41689.859001567
uniformCQI-11-20171221-10:07:54-8764;11;Network.user[9];41659.203786625
uniformCQI-12-20171221-10:08:12-5368;12;Network.user[0];41785.257941578
uniformCQI-12-20171221-10:08:12-5368;12;Network.user[1];41737.658470461
uniformCQI-12-20171221-10:08:12-5368;12;Network.user[2];41758.224908612
uniformCQI-12-20171221-10:08:12-5368;12;Network.user[3];41400.006666593
uniformCQI-12-20171221-10:08:12-5368;12;Network.user[4];41887.81235764
uniformCQI-12-20171221-10:08:12-5368;12;Network.user[5];41758.624904168
uniformCQI-12-20171221-10:08:12-5368;12;Network.user[6];41453.283852402
uniformCQI-12-20171221-10:08:12-5368;12;Network.user[7];41435.095165609
uniformCQI-12-20171221-10:08:12-5368;12;Network.user[8];41783.091298986
uniformCQI-12-20171221-10:08:12-5368;12;Network.user[9];41622.937522916
uniformCQI-13-20171221-10:08:13-12372;13;Network.user[0];41676.014710948
uniformCQI-13-20171221-10:08:13-12372;13;Network.user[1];41815.079832446
uniformCQI-13-20171221-10:08:13-12372;13;Network.user[2];41716.636481817
uniformCQI-13-20171221-10:08:13-12372;13;Network.user[3];41767.135920712
uniformCQI-13-20171221-10:08:13-12372;13;Network.user[4];41679.214675392
uniformCQI-13-20171221-10:08:13-12372;13;Network.user[5];41487.016810924
uniformCQI-13-20171221-10:08:13-12372;13;Network.user[6];41838.257352696
uniformCQI-13-20171221-10:08:13-12372;13;Network.user[7];41664.559282675
uniformCQI-13-20171221-10:08:13-12372;13;Network.user[8];41788.702347752
uniformCQI-13-20171221-10:08:13-12372;13;Network.user[9];41874.379173565
uniformCQI-14-20171221-10:08:12-3372;14;Network.user[0];41729.503005522
uniformCQI-14-20171221-10:08:12-3372;14;Network.user[1];41545.960600438
uniformCQI-14-20171221-10:08:12-3372;14;Network.user[2];41713.192075644
uniformCQI-14-20171221-10:08:12-3372;14;Network.user[3];41871.445872824
uniformCQI-14-20171221-10:08:12-3372;14;Network.user[4];41876.212486528
uniformCQI-14-20171221-10:08:12-3372;14;Network.user[5];41599.337785136
uniformCQI-14-20171221-10:08:12-3372;14;Network.user[6];41519.994222286
uniformCQI-14-20171221-10:08:12-3372;14;Network.user[7];41608.22657526
uniformCQI-14-20171221-10:08:12-3372;14;Network.user[8];41576.971366985
uniformCQI-14-20171221-10:08:12-3372;14;Network.user[9];41691.214542061
uniformCQI-15-20171221-10:08:12-7688;15;Network.user[0];41773.058077132
uniformCQI-15-20171221-10:08:12-7688;15;Network.user[1];41790.857879357
uniformCQI-15-20171221-10:08:12-7688;15;Network.user[2];42024.521949756
uniformCQI-15-20171221-10:08:12-7688;15;Network.user[3];41769.747002811
uniformCQI-15-20171221-10:08:12-7688;15;Network.user[4];41889.034566283
uniformCQI-15-20171221-10:08:12-7688;15;Network.user[5];41555.993822291
uniformCQI-15-20171221-10:08:12-7688;15;Network.user[6];41724.803057744
uniformCQI-15-20171221-10:08:12-7688;15;Network.user[7];41596.326707481
uniformCQI-15-20171221-10:08:12-7688;15;Network.user[8];41614.948722792
uniformCQI-15-20171221-10:08:12-7688;15;Network.user[9];41656.792702303
uniformCQI-16-20171221-10:08:25-11816;16;Network.user[0];41569.138120688
uniformCQI-16-20171221-10:08:25-11816;16;Network.user[1];41427.550804991
uniformCQI-16-20171221-10:08:25-11816;16;Network.user[2];41684.259063788
uniformCQI-16-20171221-10:08:25-11816;16;Network.user[3];41755.291607871
uniformCQI-16-20171221-10:08:25-11816;16;Network.user[4];41523.494183398
uniformCQI-16-20171221-10:08:25-11816;16;Network.user[5];41838.679570227
uniformCQI-16-20171221-10:08:25-11816;16;Network.user[6];41760.858212687
uniformCQI-16-20171221-10:08:25-11816;16;Network.user[7];41783.313518739
uniformCQI-16-20171221-10:08:25-11816;16;Network.user[8];41786.29126343
uniformCQI-16-20171221-10:08:25-11816;16;Network.user[9];41540.5939934
uniformCQI-17-20171221-10:08:25-1772;17;Network.user[0];41674.481394651
uniformCQI-17-20171221-10:08:25-1772;17;Network.user[1];41836.935145165
uniformCQI-17-20171221-10:08:25-1772;17;Network.user[2];41743.713958734
uniformCQI-17-20171221-10:08:25-1772;17;Network.user[3];41398.506683259
uniformCQI-17-20171221-10:08:25-1772;17;Network.user[4];41516.694258953
uniformCQI-17-20171221-10:08:25-1772;17;Network.user[5];41696.436706259
uniformCQI-17-20171221-10:08:25-1772;17;Network.user[6];41524.538616238
uniformCQI-17-20171221-10:08:25-1772;17;Network.user[7];41829.99077788
uniformCQI-17-20171221-10:08:25-1772;17;Network.user[8];41865.101498872
uniformCQI-17-20171221-10:08:25-1772;17;Network.user[9];41509.849890557
uniformCQI-18-20171221-10:08:25-13028;18;Network.user[0];41629.726336374
uniformCQI-18-20171221-10:08:25-13028;18;Network.user[1];41789.502338863
uniformCQI-18-20171221-10:08:25-13028;18;Network.user[2];41570.415884268
uniformCQI-18-20171221-10:08:25-13028;18;Network.user[3];41759.758224909
uniformCQI-18-20171221-10:08:25-13028;18;Network.user[4];41505.938822902
uniformCQI-18-20171221-10:08:25-13028;18;Network.user[5];41764.669281452
uniformCQI-18-20171221-10:08:25-13028;18;Network.user[6];41654.570504772
uniformCQI-18-20171221-10:08:25-13028;18;Network.user[7];41823.246408373
uniformCQI-18-20171221-10:08:25-13028;18;Network.user[8];41532.360751547
uniformCQI-18-20171221-10:08:25-13028;18;Network.user[9];42004.755502717
uniformCQI-19-20171221-10:08:26-13992;19;Network.user[0];41757.847135032
uniformCQI-19-20171221-10:08:26-13992;19;Network.user[1];41598.504461062
uniformCQI-19-20171221-10:08:26-13992;19;Network.user[2];41664.837057366
uniformCQI-19-20171221-10:08:26-13992;19;Network.user[3];41642.670636993
uniformCQI-19-20171221-10:08:26-13992;19;Network.user[4];41558.249352785
uniformCQI-19-20171221-10:08:26-13992;19;Network.user[5];41832.179642448
uniformCQI-19-20171221-10:08:26-13992;19;Network.user[6];41630.592993411
uniformCQI-19-20171221-10:08:26-13992;19;Network.user[7];41666.414817613
uniformCQI-19-20171221-10:08:26-13992;19;Network.user[8];41371.562538194
uniformCQI-19-20171221-10:08:26-13992;19;Network.user[9];41757.769358118
uniformCQI-20-20171221-10:08:38-13180;20;Network.user[0];41893.812290975
uniformCQI-20-20171221-10:08:38-13180;20;Network.user[1];41471.461428206
uniformCQI-20-20171221-10:08:38-13180;20;Network.user[2];41667.225919712
uniformCQI-20-20171221-10:08:38-13180;20;Network.user[3];41658.314907612
uniformCQI-20-20171221-10:08:38-13180;20;Network.user[4];41467.028144132
uniformCQI-20-20171221-10:08:38-13180;20;Network.user[5];41517.783135743
uniformCQI-20-20171221-10:08:38-13180;20;Network.user[6];41469.094787836
uniformCQI-20-20171221-10:08:38-13180;20;Network.user[7];41970.411439873
uniformCQI-20-20171221-10:08:38-13180;20;Network.user[8];41648.792791191
uniformCQI-20-20171221-10:08:38-13180;20;Network.user[9];41753.269408118
uniformCQI-21-20171221-10:08:38-14224;21;Network.user[0];41799.835557383
uniformCQI-21-20171221-10:08:38-14224;21;Network.user[1];41741.291763425
uniformCQI-21-20171221-10:08:38-14224;21;Network.user[2];41743.013966511
uniformCQI-21-20171221-10:08:38-14224;21;Network.user[3];41911.356540483
uniformCQI-21-20171221-10:08:38-14224;21;Network.user[4];41479.372451417
uniformCQI-21-20171221-10:08:38-14224;21;Network.user[5];41438.917345363
uniformCQI-21-20171221-10:08:38-14224;21;Network.user[6];41835.135165165
uniformCQI-21-20171221-10:08:38-14224;21;Network.user[7];41567.360362663
uniformCQI-21-20171221-10:08:38-14224;21;Network.user[8];41824.001955534
uniformCQI-21-20171221-10:08:38-14224;21;Network.user[9];41756.747147254
uniformCQI-22-20171221-10:08:39-1148;22;Network.user[0];41819.09089899
uniformCQI-22-20171221-10:08:39-1148;22;Network.user[1];41901.889979
uniformCQI-22-20171221-10:08:39-1148;22;Network.user[2];41745.291718981
uniformCQI-22-20171221-10:08:39-1148;22;Network.user[3];41811.613204298
uniformCQI-22-20171221-10:08:39-1148;22;Network.user[4];41605.90437884
uniformCQI-22-20171221-10:08:39-1148;22;Network.user[5];41385.695714492
uniformCQI-22-20171221-10:08:39-1148;22;Network.user[6];41659.059343785
uniformCQI-22-20171221-10:08:39-1148;22;Network.user[7];41456.772702526
uniformCQI-22-20171221-10:08:39-1148;22;Network.user[8];41533.516294263
uniformCQI-22-20171221-10:08:39-1148;22;Network.user[9];41877.134698503
uniformCQI-23-20171221-10:08:39-11316;23;Network.user[0];41486.616815369
uniformCQI-23-20171221-10:08:39-11316;23;Network.user[1];41595.637826246
uniformCQI-23-20171221-10:08:39-11316;23;Network.user[2];41726.680814658
uniformCQI-23-20171221-10:08:39-11316;23;Network.user[3];41843.50173887
uniformCQI-23-20171221-10:08:39-11316;23;Network.user[4];42042.27730803
uniformCQI-23-20171221-10:08:39-11316;23;Network.user[5];41788.691236764
uniformCQI-23-20171221-10:08:39-11316;23;Network.user[6];41487.616804258
uniformCQI-23-20171221-10:08:39-11316;23;Network.user[7];41636.159598227
uniformCQI-23-20171221-10:08:39-11316;23;Network.user[8];41758.713792069
uniformCQI-23-20171221-10:08:39-11316;23;Network.user[9];41591.004544394
uniformCQI-24-20171221-10:08:51-1420;24;Network.user[0];41614.226508594
uniformCQI-24-20171221-10:08:51-1420;24;Network.user[1];41348.07391029
uniformCQI-24-20171221-10:08:51-1420;24;Network.user[2];41597.248919456
uniformCQI-24-20171221-10:08:51-1420;24;Network.user[3];41256.530482995
uniformCQI-24-20171221-10:08:51-1420;24;Network.user[4];41355.140498439
uniformCQI-24-20171221-10:08:51-1420;24;Network.user[5];41837.29069677
uniformCQI-24-20171221-10:08:51-1420;24;Network.user[6];41426.484150176
uniformCQI-24-20171221-10:08:51-1420;24;Network.user[7];41825.468605904
uniformCQI-24-20171221-10:08:51-1420;24;Network.user[8];41557.5160276
uniformCQI-24-20171221-10:08:51-1420;24;Network.user[9];41562.104865501
uniformCQI-25-20171221-10:08:51-12888;25;Network.user[0];41745.325051944
uniformCQI-25-20171221-10:08:51-12888;25;Network.user[1];41767.724803058
uniformCQI-25-20171221-10:08:51-12888;25;Network.user[2];41761.224875279
uniformCQI-25-20171221-10:08:51-12888;25;Network.user[3];41438.039577338
uniformCQI-25-20171221-10:08:51-12888;25;Network.user[4];41545.260608215
uniformCQI-25-20171221-10:08:51-12888;25;Network.user[5];41812.246530594
uniformCQI-25-20171221-10:08:51-12888;25;Network.user[6];41609.882112421
uniformCQI-25-20171221-10:08:51-12888;25;Network.user[7];41757.313807624
uniformCQI-25-20171221-10:08:51-12888;25;Network.user[8];41964.711503206
uniformCQI-25-20171221-10:08:51-12888;25;Network.user[9];41452.317196476
uniformCQI-26-20171221-10:08:51-11280;26;Network.user[0];41414.595393385
uniformCQI-26-20171221-10:08:51-11280;26;Network.user[1];41398.78445795
uniformCQI-26-20171221-10:08:51-11280;26;Network.user[2];41386.929034122
uniformCQI-26-20171221-10:08:51-11280;26;Network.user[3];41976.30026333
uniformCQI-26-20171221-10:08:51-11280;26;Network.user[4];41782.235752936
uniformCQI-26-20171221-10:08:51-11280;26;Network.user[5];41611.237652915
uniformCQI-26-20171221-10:08:51-11280;26;Network.user[6];41685.681270208
uniformCQI-26-20171221-10:08:51-11280;26;Network.user[7];41559.793780069
uniformCQI-26-20171221-10:08:51-11280;26;Network.user[8];41602.271085877
uniformCQI-26-20171221-10:08:51-11280;26;Network.user[9];41603.904401062
uniformCQI-27-20171221-10:08:51-10964;27;Network.user[0];41757.702692192
uniformCQI-27-20171221-10:08:51-10964;27;Network.user[1];41741.236208487
uniformCQI-27-20171221-10:08:51-10964;27;Network.user[2];41577.51580538
uniformCQI-27-20171221-10:08:51-10964;27;Network.user[3];41691.047877246
uniformCQI-27-20171221-10:08:51-10964;27;Network.user[4];41683.881290208
uniformCQI-27-20171221-10:08:51-10964;27;Network.user[5];41549.971666981
uniformCQI-27-20171221-10:08:51-10964;27;Network.user[6];41746.313929845
uniformCQI-27-20171221-10:08:51-10964;27;Network.user[7];41503.616626482
uniformCQI-27-20171221-10:08:51-10964;27;Network.user[8];41818.279796891
uniformCQI-27-20171221-10:08:51-10964;27;Network.user[9];41540.827324141
uniformCQI-28-20171221-10:09:05-9792;28;Network.user[0];41520.627548583
uniformCQI-28-20171221-10:09:05-9792;28;Network.user[1];41862.157087143
uniformCQI-28-20171221-10:09:05-9792;28;Network.user[2];41729.647448362
uniformCQI-28-20171221-10:09:05-9792;28;Network.user[3];41538.960678215
uniformCQI-28-20171221-10:09:05-9792;28;Network.user[4];41795.780046888
uniformCQI-28-20171221-10:09:05-9792;28;Network.user[5];41871.901423318
uniformCQI-28-20171221-10:09:05-9792;28;Network.user[6];41739.458450462
uniformCQI-28-20171221-10:09:05-9792;28;Network.user[7];41845.968378129
uniformCQI-28-20171221-10:09:05-9792;28;Network.user[8];41922.4119732
uniformCQI-28-20171221-10:09:05-9792;28;Network.user[9];41805.746602816
uniformCQI-29-20171221-10:09:05-3948;29;Network.user[0];41488.027910801
uniformCQI-29-20171221-10:09:05-3948;29;Network.user[1];41748.536127376
uniformCQI-29-20171221-10:09:05-3948;29;Network.user[2];41657.492694526
uniformCQI-29-20171221-10:09:05-3948;29;Network.user[3];41565.071499206
uniformCQI-29-20171221-10:09:05-3948;29;Network.user[4];41694.570060333
uniformCQI-29-20171221-10:09:05-3948;29;Network.user[5];41735.936267375
uniformCQI-29-20171221-10:09:05-3948;29;Network.user[6];41740.102887746
uniformCQI-29-20171221-10:09:05-3948;29;Network.user[7];41622.759747114
uniformCQI-29-20171221-10:09:05-3948;29;Network.user[8];41794.646726147
uniformCQI-29-20171221-10:09:05-3948;29;Network.user[9];41541.060654882
uniformCQI-30-20171221-10:09:06-8152;30;Network.user[0];41583.337962912
uniformCQI-30-20171221-10:09:06-8152;30;Network.user[1];41612.68208131
uniformCQI-30-20171221-10:09:06-8152;30;Network.user[2];41449.92833413
uniformCQI-30-20171221-10:09:06-8152;30;Network.user[3];41764.402617749
uniformCQI-30-20171221-10:09:06-8152;30;Network.user[4];41626.515260942
uniformCQI-30-20171221-10:09:06-8152;30;Network.user[5];41551.249430562
uniformCQI-30-20171221-10:09:06-8152;30;Network.user[6];41429.328563016
uniformCQI-30-20171221-10:09:06-8152;30;Network.user[7];41743.891734536
uniformCQI-30-20171221-10:09:06-8152;30;Network.user[8];41719.503116632
uniformCQI-30-20171221-10:09:06-8152;30;Network.user[9];41565.649270564
uniformCQI-31-20171221-10:09:06-476;31;Network.user[0];41613.359851557
uniformCQI-31-20171221-10:09:06-476;31;Network.user[1];41837.47958356
uniformCQI-31-20171221-10:09:06-476;31;Network.user[2];41432.406306597
uniformCQI-31-20171221-10:09:06-476;31;Network.user[3];41726.391928979
uniformCQI-31-20171221-10:09:06-476;31;Network.user[4];41918.378684681
uniformCQI-31-20171221-10:09:06-476;31;Network.user[5];41752.947189476
uniformCQI-31-20171221-10:09:06-476;31;Network.user[6];41583.91573427
uniformCQI-31-20171221-10:09:06-476;31;Network.user[7];41600.071110321
uniformCQI-31-20171221-10:09:06-476;31;Network.user[8];41653.081632426
uniformCQI-31-20171221-10:09:06-476;31;Network.user[9];41598.18224242
uniformCQI-32-20171221-10:09:18-9384;32;Network.user[0];41891.51231653
uniformCQI-32-20171221-10:09:18-9384;32;Network.user[1];41751.602759969
uniformCQI-32-20171221-10:09:18-9384;32;Network.user[2];41792.524527505
uniformCQI-32-20171221-10:09:18-9384;32;Network.user[3];41620.648659459
uniformCQI-32-20171221-10:09:18-9384;32;Network.user[4];41785.457939356
uniformCQI-32-20171221-10:09:18-9384;32;Network.user[5];41729.058566016
uniformCQI-32-20171221-10:09:18-9384;32;Network.user[6];41721.258652682
uniformCQI-32-20171221-10:09:18-9384;32;Network.user[7];41603.837735136
uniformCQI-32-20171221-10:09:18-9384;32;Network.user[8];41413.517627582
uniformCQI-32-20171221-10:09:18-9384;32;Network.user[9];41707.803246631
uniformCQI-33-20171221-10:09:18-3496;33;Network.user[0];41744.15839824
uniformCQI-33-20171221-10:09:18-3496;33;Network.user[1];41780.157998244
uniformCQI-33-20171221-10:09:18-3496;33;Network.user[2];41879.734669615
uniformCQI-33-20171221-10:09:18-3496;33;Network.user[3];41739.769558116
uniformCQI-33-20171221-10:09:18-3496;33;Network.user[4];41827.557471584
uniformCQI-33-20171221-10:09:18-3496;33;Network.user[5];41677.0480328
uniformCQI-33-20171221-10:09:18-3496;33;Network.user[6];41961.167098143
uniformCQI-33-20171221-10:09:18-3496;33;Network.user[7];41672.625859713
uniformCQI-33-20171221-10:09:18-3496;33;Network.user[8];41551.371651426
uniformCQI-33-20171221-10:09:18-3496;33;Network.user[9];41497.894467839
uniformCQI-34-20171221-10:09:19-4376;34;Network.user[0];41498.494461173
uniformCQI-34-20171221-10:09:19-4376;34;Network.user[1];41567.227030811
uniformCQI-34-20171221-10:09:19-4376;34;Network.user[2];41623.648626126
uniformCQI-34-20171221-10:09:19-4376;34;Network.user[3];41612.282085755
uniformCQI-34-20171221-10:09:19-4376;34;Network.user[4];41788.824568616
uniformCQI-34-20171221-10:09:19-4376;34;Network.user[5];41281.919089788
uniformCQI-34-20171221-10:09:19-4376;34;Network.user[6];41717.736469595
uniformCQI-34-20171221-10:09:19-4376;34;Network.user[7];41619.882001311
uniformCQI-34-20171221-10:09:19-4376;34;Network.user[8];41384.340173998
uniformCQI-34-20171221-10:09:19-4376;34;Network.user[9];41711.480983545
uniformCQI-35-20171221-10:09:19-8852;35;Network.user[0];41765.813713181
uniformCQI-35-20171221-10:09:19-8852;35;Network.user[1];41758.980455773
uniformCQI-35-20171221-10:09:19-8852;35;Network.user[2];41645.181720203
uniformCQI-35-20171221-10:09:19-8852;35;Network.user[3];41679.470228109
uniformCQI-35-20171221-10:09:19-8852;35;Network.user[4];41821.6019822
uniformCQI-35-20171221-10:09:19-8852;35;Network.user[5];41448.417239808
uniformCQI-35-20171221-10:09:19-8852;35;Network.user[6];41631.670759214
uniformCQI-35-20171221-10:09:19-8852;35;Network.user[7];41629.193008967
uniformCQI-35-20171221-10:09:19-8852;35;Network.user[8];41518.283130187
uniformCQI-35-20171221-10:09:19-8852;35;Network.user[9];41857.43491739
uniformCQI-36-20171221-10:09:31-6472;36;Network.user[0];41813.113187631
uniformCQI-36-20171221-10:09:31-6472;36;Network.user[1];41657.592693415
uniformCQI-36-20171221-10:09:31-6472;36;Network.user[2];41691.803424406
uniformCQI-36-20171221-10:09:31-6472;36;Network.user[3];41841.323985289
uniformCQI-36-20171221-10:09:31-6472;36;Network.user[4];41740.102887746
uniformCQI-36-20171221-10:09:31-6472;36;Network.user[5];41834.06851035
uniformCQI-36-20171221-10:09:31-6472;36;Network.user[6];41568.915900934
uniformCQI-36-20171221-10:09:31-6472;36;Network.user[7];41996.166709259
uniformCQI-36-20171221-10:09:31-6472;36;Network.user[8];41834.790724548
uniformCQI-36-20171221-10:09:31-6472;36;Network.user[9];41841.868423684
uniformCQI-37-20171221-10:09:31-3428;37;Network.user[0];41687.80346885
uniformCQI-37-20171221-10:09:31-3428;37;Network.user[1];41686.059043788
uniformCQI-37-20171221-10:09:31-3428;37;Network.user[2];41871.101432206
uniformCQI-37-20171221-10:09:31-3428;37;Network.user[3];41694.814502061
uniformCQI-37-20171221-10:09:31-3428;37;Network.user[4];41552.960522661
uniformCQI-37-20171221-10:09:31-3428;37;Network.user[5];41780.70243664
uniformCQI-37-20171221-10:09:31-3428;37;Network.user[6];41843.457294919
uniformCQI-37-20171221-10:09:31-3428;37;Network.user[7];41520.749769447
uniformCQI-37-20171221-10:09:31-3428;37;Network.user[8];41425.973044744
uniformCQI-37-20171221-10:09:31-3428;37;Network.user[9];41657.448250575
uniformCQI-38-20171221-10:09:31-5328;38;Network.user[0];41433.950733881
uniformCQI-38-20171221-10:09:31-5328;38;Network.user[1];41544.138398462
uniformCQI-38-20171221-10:09:31-5328;38;Network.user[2];41854.123843068
uniformCQI-38-20171221-10:09:31-5328;38;Network.user[3];41719.103121076
uniformCQI-38-20171221-10:09:31-5328;38;Network.user[4];41775.458050466
uniformCQI-38-20171221-10:09:31-5328;38;Network.user[5];41600.459994889
uniformCQI-38-20171221-10:09:31-5328;38;Network.user[6];41471.883645737
uniformCQI-38-20171221-10:09:31-5328;38;Network.user[7];41347.685025722
uniformCQI-38-20171221-10:09:31-5328;38;Network.user[8];41738.314018733
uniformCQI-38-20171221-10:09:31-5328;38;Network.user[9];41611.515427606
uniformCQI-39-20171221-10:09:31-10140;39;Network.user[0];41578.026910812
uniformCQI-39-20171221-10:09:31-10140;39;Network.user[1];41674.759169343
uniformCQI-39-20171221-10:09:31-10140;39;Network.user[2];41436.795146721
uniformCQI-39-20171221-10:09:31-10140;39;Network.user[3];41715.869823669
uniformCQI-39-20171221-10:09:31-10140;39;Network.user[4];41765.91371207
uniformCQI-39-20171221-10:09:31-10140;39;Network.user[5];41781.046877257
uniformCQI-39-20171221-10:09:31-10140;39;Network.user[6];41908.523238631
uniformCQI-39-20171221-10:09:31-10140;39;Network.user[7];41721.103098854
uniformCQI-39-20171221-10:09:31-10140;39;Network.user[8];41808.691014544
uniformCQI-39-20171221-10:09:31-10140;39;Network.user[9];41702.425528605
uniformCQI-40-20171221-10:09:43-3360;40;Network.user[0];41760.047110588
uniformCQI-40-20171221-10:09:43-3360;40;Network.user[1];41550.59388229
uniformCQI-40-20171221-10:09:43-3360;40;Network.user[2];41755.524938612
uniformCQI-40-20171221-10:09:43-3360;40;Network.user[3];41433.361851535
uniformCQI-40-20171221-10:09:43-3360;40;Network.user[4];41401.295541161
uniformCQI-40-20171221-10:09:43-3360;40;Network.user[5];41453.728291908
uniformCQI-40-20171221-10:09:43-3360;40;Network.user[6];41822.990855657
uniformCQI-40-20171221-10:09:43-3360;40;Network.user[7];41706.33659626
uniformCQI-40-20171221-10:09:43-3360;40;Network.user[8];41681.02576638
uniformCQI-40-20171221-10:09:43-3360;40;Network.user[9];41687.825690826
uniformCQI-41-20171221-10:09:43-464;41;Network.user[0];41695.10338774
uniformCQI-41-20171221-10:09:43-464;41;Network.user[1];41992.077865801
uniformCQI-41-20171221-10:09:43-464;41;Network.user[2];41595.226719703
uniformCQI-41-20171221-10:09:43-464;41;Network.user[3];41472.58363796
uniformCQI-41-20171221-10:09:43-464;41;Network.user[4];41731.725203053
uniformCQI-41-20171221-10:09:43-464;41;Network.user[5];41589.871223653
uniformCQI-41-20171221-10:09:43-464;41;Network.user[6];41918.62312641
uniformCQI-41-20171221-10:09:43-464;41;Network.user[7];41699.89222342
uniformCQI-41-20171221-10:09:43-464;41;Network.user[8];41901.967755914
uniformCQI-41-20171221-10:09:43-464;41;Network.user[9];41610.915434273
uniformCQI-42-20171221-10:09:44-1452;42;Network.user[0];41566.371484761
uniformCQI-42-20171221-10:09:44-1452;42;Network.user[1];41832.868523683
uniformCQI-42-20171221-10:09:44-1452;42;Network.user[2];41761.513760958
uniformCQI-42-20171221-10:09:44-1452;42;Network.user[3];41614.193175631
uniformCQI-42-20171221-10:09:44-1452;42;Network.user[4];41575.404717725
uniformCQI-42-20171221-10:09:44-1452;42;Network.user[5];41683.30351885
uniformCQI-42-20171221-10:09:44-1452;42;Network.user[6];41689.092343418
uniformCQI-42-20171221-10:09:44-1452;42;Network.user[7];41551.916089821
uniformCQI-42-20171221-10:09:44-1452;42;Network.user[8];41501.549982778
uniformCQI-42-20171221-10:09:44-1452;42;Network.user[9];41603.426628593
uniformCQI-43-20171221-10:09:44-2080;43;Network.user[0];41728.191908979
uniformCQI-43-20171221-10:09:44-2080;43;Network.user[1];41830.801879979
uniformCQI-43-20171221-10:09:44-2080;43;Network.user[2];41696.114487617
uniformCQI-43-20171221-10:09:44-2080;43;Network.user[3];41359.662670415
uniformCQI-43-20171221-10:09:44-2080;43;Network.user[4];41611.015433162
uniformCQI-43-20171221-10:09:44-2080;43;Network.user[5];41629.615226497
uniformCQI-43-20171221-10:09:44-2080;43;Network.user[6];41466.361484872
uniformCQI-43-20171221-10:09:44-2080;43;Network.user[7];41364.084843502
uniformCQI-43-20171221-10:09:44-2080;43;Network.user[8];41816.524260842
uniformCQI-43-20171221-10:09:44-2080;43;Network.user[9];41550.060554883
uniformCQI-44-20171221-10:09:57-5684;44;Network.user[0];41665.792602304
uniformCQI-44-20171221-10:09:57-5684;44;Network.user[1];41911.945422829
uniformCQI-44-20171221-10:09:57-5684;44;Network.user[2];41667.081476872
uniformCQI-44-20171221-10:09:57-5684;44;Network.user[3];41746.66948145
uniformCQI-44-20171221-10:09:57-5684;44;Network.user[4];41600.782213531
uniformCQI-44-20171221-10:09:57-5684;44;Network.user[5];41445.895045611
uniformCQI-44-20171221-10:09:57-5684;44;Network.user[6];41660.092665637
uniformCQI-44-20171221-10:09:57-5684;44;Network.user[7];41645.181720203
uniformCQI-44-20171221-10:09:57-5684;44;Network.user[8];41648.692792302
uniformCQI-44-20171221-10:09:57-5684;44;Network.user[9];41871.023655293
uniformCQI-45-20171221-10:09:57-12628;45;Network.user[0];41378.562460417
uniformCQI-45-20171221-10:09:57-12628;45;Network.user[1];41575.693603404
uniformCQI-45-20171221-10:09:57-12628;45;Network.user[2];41483.094632282
uniformCQI-45-20171221-10:09:57-12628;45;Network.user[3];41550.793880068
uniformCQI-45-20171221-10:09:57-12628;45;Network.user[4];41739.025121943
uniformCQI-45-20171221-10:09:57-12628;45;Network.user[5];41441.96175598
uniformCQI-45-20171221-10:09:57-12628;45;Network.user[6];41585.637937356
uniformCQI-45-20171221-10:09:57-12628;45;Network.user[7];41740.825101943
uniformCQI-45-20171221-10:09:57-12628;45;Network.user[8];41395.551160543
uniformCQI-45-20171221-10:09:57-12628;45;Network.user[9];41546.916145376
uniformCQI-46-20171221-10:09:58-14368;46;Network.user[0];41750.869434784
uniformCQI-46-20171221-10:09:58-14368;46;Network.user[1];41390.051221653
uniformCQI-46-20171221-10:09:58-14368;46;Network.user[2];41527.505249942
uniformCQI-46-20171221-10:09:58-14368;46;Network.user[3];41647.42613971
uniformCQI-46-20171221-10:09:58-14368;46;Network.user[4];41430.395217831
uniformCQI-46-20171221-10:09:58-14368;46;Network.user[5];41823.279741336
uniformCQI-46-20171221-10:09:58-14368;46;Network.user[6];41774.802502194
uniformCQI-46-20171221-10:09:58-14368;46;Network.user[7];41828.513016522
uniformCQI-46-20171221-10:09:58-14368;46;Network.user[8];41788.291241208
uniformCQI-46-20171221-10:09:58-14368;46;Network.user[9];41805.835490717
uniformCQI-47-20171221-10:09:58-13360;47;Network.user[0];41785.39127343
uniformCQI-47-20171221-10:09:58-13360;47;Network.user[1];41888.079021344
uniformCQI-47-20171221-10:09:58-13360;47;Network.user[2];41812.302085532
uniformCQI-47-20171221-10:09:58-13360;47;Network.user[3];41698.358907123
uniformCQI-47-20171221-10:09:58-13360;47;Network.user[4];41548.138354018
uniformCQI-47-20171221-10:09:58-13360;47;Network.user[5];41430.217442028
uniformCQI-47-20171221-10:09:58-13360;47;Network.user[6];41642.281752425
uniformCQI-47-20171221-10:09:58-13360;47;Network.user[7];41599.737780691
uniformCQI-47-20171221-10:09:58-13360;47;Network.user[8];41631.959644893
uniformCQI-47-20171221-10:09:58-13360;47;Network.user[9];41892.812302086
uniformCQI-48-20171221-10:10:08-3076;48;Network.user[0];41763.59151565
uniformCQI-48-20171221-10:10:08-3076;48;Network.user[1];41845.779491339
uniformCQI-48-20171221-10:10:08-3076;48;Network.user[2];41572.804746614
uniformCQI-48-20171221-10:10:08-3076;48;Network.user[3];41826.001933312
uniformCQI-48-20171221-10:10:08-3076;48;Network.user[4];41659.014899834
uniformCQI-48-20171221-10:10:08-3076;48;Network.user[5];41461.417095366
uniformCQI-48-20171221-10:10:08-3076;48;Network.user[6];41746.413928734
uniformCQI-48-20171221-10:10:08-3076;48;Network.user[7];41737.90291219
uniformCQI-48-20171221-10:10:08-3076;48;Network.user[8];41745.413939845
uniformCQI-48-20171221-10:10:08-3076;48;Network.user[9];41900.012222086
uniformCQI-49-20171221-10:10:09-14276;49;Network.user[0];41498.816679815
uniformCQI-49-20171221-10:10:09-14276;49;Network.user[1];41905.012166531
uniformCQI-49-20171221-10:10:09-14276;49;Network.user[2];41693.892290086
uniformCQI-49-20171221-10:10:09-14276;49;Network.user[3];41783.124631949
uniformCQI-49-20171221-10:10:09-14276;49;Network.user[4];41681.481316874
uniformCQI-49-20171221-10:10:09-14276;49;Network.user[5];41513.783180187
uniformCQI-49-20171221-10:10:09-14276;49;Network.user[6];41776.81359096
uniformCQI-49-20171221-10:10:09-14276;49;Network.user[7];41570.715880935
uniformCQI-49-20171221-10:10:09-14276;49;Network.user[8];41799.502227753
uniformCQI-49-20171221-10:10:09-14276;49;Network.user[9];41533.660737103
uniformCQI-50-20171221-10:10:09-11696;50;Network.user[0];41621.004211064
uniformCQI-50-20171221-10:10:09-11696;50;Network.user[1];41662.370418106
uniformCQI-50-20171221-10:10:09-11696;50;Network.user[2];41719.480894657
uniformCQI-50-20171221-10:10:09-11696;50;Network.user[3];41467.928134132
uniformCQI-50-20171221-10:10:09-11696;50;Network.user[4];41700.825546383
uniformCQI-50-20171221-10:10:09-11696;50;Network.user[5];41575.38249575
uniformCQI-50-20171221-10:10:09-11696;50;Network.user[6];41676.925811935
uniformCQI-50-20171221-10:10:09-11696;50;Network.user[7];41607.526583038
uniformCQI-50-20171221-10:10:09-11696;50;Network.user[8];41821.824201953
uniformCQI-50-20171221-10:10:09-11696;50;Network.user[9];41734.036288486
uniformCQI-51-20171221-10:10:09-2772;51;Network.user[0];41512.127643026
uniformCQI-51-20171221-10:10:09-2772;51;Network.user[1];41757.236030711
uniformCQI-51-20171221-10:10:09-2772;51;Network.user[2];41865.879268008
uniformCQI-51-20171221-10:10:09-2772;51;Network.user[3];41570.204775502
uniformCQI-51-20171221-10:10:09-2772;51;Network.user[4];41931.200764436
uniformCQI-51-20171221-10:10:09-2772;51;Network.user[5];41637.892912301
uniformCQI-51-20171221-10:10:09-2772;51;Network.user[6];41955.689381229
uniformCQI-51-20171221-10:10:09-2772;51;Network.user[7];41370.151442762
uniformCQI-51-20171221-10:10:09-2772;51;Network.user[8];41693.792291197
uniformCQI-51-20171221-10:10:09-2772;51;Network.user[9];41243.875068055
uniformCQI-52-20171221-10:10:20-4960;52;Network.user[0];41653.526071933
uniformCQI-52-20171221-10:10:20-4960;52;Network.user[1];41885.412384307
uniformCQI-52-20171221-10:10:20-4960;52;Network.user[2];41895.790046777
uniformCQI-52-20171221-10:10:20-4960;52;Network.user[3];41717.392028977
uniformCQI-52-20171221-10:10:20-4960;52;Network.user[4];41825.568604793
uniformCQI-52-20171221-10:10:20-4960;52;Network.user[5];41628.581904646
uniformCQI-52-20171221-10:10:20-4960;52;Network.user[6];41790.157887135
uniformCQI-52-20171221-10:10:20-4960;52;Network.user[7];41859.490450106
uniformCQI-52-20171221-10:10:20-4960;52;Network.user[8];41822.746413929
uniformCQI-52-20171221-10:10:20-4960;52;Network.user[9];41519.960889323
uniformCQI-53-20171221-10:10:20-11948;53;Network.user[0];41880.545771714
uniformCQI-53-20171221-10:10:20-11948;53;Network.user[1];41654.481616871
uniformCQI-53-20171221-10:10:20-11948;53;Network.user[2];41710.925434162
uniformCQI-53-20171221-10:10:20-11948;53;Network.user[3];41856.490483439
uniformCQI-53-20171221-10:10:20-11948;53;Network.user[4];41512.294307841
uniformCQI-53-20171221-10:10:20-11948;53;Network.user[5];41690.414550949
uniformCQI-53-20171221-10:10:20-11948;53;Network.user[6];41589.515672048
uniformCQI-53-20171221-10:10:20-11948;53;Network.user[7];41592.49341674
uniformCQI-53-20171221-10:10:20-11948;53;Network.user[8];41639.137342918
uniformCQI-53-20171221-10:10:20-11948;53;Network.user[9];41577.871356985
uniformCQI-54-20171221-10:10:20-11688;54;Network.user[0];41773.635848491
uniformCQI-54-20171221-10:10:20-11688;54;Network.user[1];41376.84025733
uniformCQI-54-20171221-10:10:20-11688;54;Network.user[2];41922.267530361
uniformCQI-54-20171221-10:10:20-11688;54;Network.user[3];41621.648648348
uniformCQI-54-20171221-10:10:20-11688;54;Network.user[4];41552.416084266
uniformCQI-54-20171221-10:10:20-11688;54;Network.user[5];41842.868412573
uniformCQI-54-20171221-10:10:20-11688;54;Network.user[6];41857.923800847
uniformCQI-54-20171221-10:10:20-11688;54;Network.user[7];41563.038188465
uniformCQI-54-20171221-10:10:20-11688;54;Network.user[8];41980.255774936
uniformCQI-54-20171221-10:10:20-11688;54;Network.user[9];41521.994200064
uniformCQI-55-20171221-10:10:20-14600;55;Network.user[0];41778.61357096
uniformCQI-55-20171221-10:10:20-14600;55;Network.user[1];41523.894178954
uniformCQI-55-20171221-10:10:20-14600;55;Network.user[2];41663.792624526
uniformCQI-55-20171221-10:10:20-14600;55;Network.user[3];41748.436128487
uniformCQI-55-20171221-10:10:20-14600;55;Network.user[4];41864.557060477
uniformCQI-55-20171221-10:10:20-14600;55;Network.user[5];41676.981366874
uniformCQI-55-20171221-10:10:20-14600;55;Network.user[6];41840.823990845
uniformCQI-55-20171221-10:10:20-14600;55;Network.user[7];41440.772880301
uniformCQI-55-20171221-10:10:20-14600;55;Network.user[8];41977.611359874
uniformCQI-55-20171221-10:10:20-14600;55;Network.user[9];41470.005888823
uniformCQI-56-20171221-10:10:31-9588;56;Network.user[0];41398.162242642
uniformCQI-56-20171221-10:10:31-9588;56;Network.user[1];41560.460439328
uniformCQI-56-20171221-10:10:31-9588;56;Network.user[2];41544.127287475
uniformCQI-56-20171221-10:10:31-9588;56;Network.user[3];41582.249086121
uniformCQI-56-20171221-10:10:31-9588;56;Network.user[4];41549.027233031
uniformCQI-56-20171221-10:10:31-9588;56;Network.user[5];41637.759580449
uniformCQI-56-20171221-10:10:31-9588;56;Network.user[6];41457.128254131
uniformCQI-56-20171221-10:10:31-9588;56;Network.user[7];41678.359129343
uniformCQI-56-20171221-10:10:31-9588;56;Network.user[8];41482.77241364
uniformCQI-56-20171221-10:10:31-9588;56;Network.user[9];41502.327751914
uniformCQI-57-20171221-10:10:31-10828;57;Network.user[0];41663.53707181
uniformCQI-57-20171221-10:10:31-10828;57;Network.user[1];41812.824301952
uniformCQI-57-20171221-10:10:31-10828;57;Network.user[2];41630.870768103
uniformCQI-57-20171221-10:10:31-10828;57;Network.user[3];41712.158753792
uniformCQI-57-20171221-10:10:31-10828;57;Network.user[4];41600.02666637
uniformCQI-57-20171221-10:10:31-10828;57;Network.user[5];41389.162342641
uniformCQI-57-20171221-10:10:31-10828;57;Network.user[6];41717.458694903
uniformCQI-57-20171221-10:10:31-10828;57;Network.user[7];41474.450283886
uniformCQI-57-20171221-10:10:31-10828;57;Network.user[8];41461.328207464
uniformCQI-57-20171221-10:10:31-10828;57;Network.user[9];41632.44852835
uniformCQI-58-20171221-10:10:31-14828;58;Network.user[0];41714.769835891
uniformCQI-58-20171221-10:10:31-14828;58;Network.user[1];41971.444761725
uniformCQI-58-20171221-10:10:31-14828;58;Network.user[2];41807.913245408
uniformCQI-58-20171221-10:10:31-14828;58;Network.user[3];41569.482561305
uniformCQI-58-20171221-10:10:31-14828;58;Network.user[4];42000.133331852
uniformCQI-58-20171221-10:10:31-14828;58;Network.user[5];41531.516316485
uniformCQI-58-20171221-10:10:31-14828;58;Network.user[6];41784.735725159
uniformCQI-58-20171221-10:10:31-14828;58;Network.user[7];41483.094632282
uniformCQI-58-20171221-10:10:31-14828;58;Network.user[8];41641.148431684
uniformCQI-58-20171221-10:10:31-14828;58;Network.user[9];41355.851601649
uniformCQI-59-20171221-10:10:31-11344;59;Network.user[0];41866.634815169
uniformCQI-59-20171221-10:10:31-11344;59;Network.user[1];41470.383662404
uniformCQI-59-20171221-10:10:31-11344;59;Network.user[2];41926.856368263
uniformCQI-59-20171221-10:10:31-11344;59;Network.user[3];41501.083321296
uniformCQI-59-20171221-10:10:31-11344;59;Network.user[4];41523.6719592
uniformCQI-59-20171221-10:10:31-11344;59;Network.user[5];41863.745958378
uniformCQI-59-20171221-10:10:31-11344;59;Network.user[6];41444.128398573
uniformCQI-59-20171221-10:10:31-11344;59;Network.user[7];41495.894490061
uniformCQI-59-20171221-10:10:31-11344;59;Network.user[8];41656.370484772
uniformCQI-59-20171221-10:10:31-11344;59;Network.user[9];41197.83113521
uniformCQI-60-20171221-10:10:41-2496;60;Network.user[0];41450.106109932
uniformCQI-60-20171221-10:10:41-2496;60;Network.user[1];41788.469017011
uniformCQI-60-20171221-10:10:41-2496;60;Network.user[2];41693.003411073
uniformCQI-60-20171221-10:10:41-2496;60;Network.user[3];41575.215830935
uniformCQI-60-20171221-10:10:41-2496;60;Network.user[4];41921.200875546
uniformCQI-60-20171221-10:10:41-2496;60;Network.user[5];41945.845046166
uniformCQI-60-20171221-10:10:41-2496;60;Network.user[6];41557.660470439
uniformCQI-60-20171221-10:10:41-2496;60;Network.user[7];41643.559516005
uniformCQI-60-20171221-10:10:41-2496;60;Network.user[8];41727.19192009
uniformCQI-60-20171221-10:10:41-2496;60;Network.user[9];41414.962055977
uniformCQI-61-20171221-10:10:41-9564;61;Network.user[0];41800.89110121
uniformCQI-61-20171221-10:10:41-9564;61;Network.user[1];41716.836479595
uniformCQI-61-20171221-10:10:41-9564;61;Network.user[2];41737.94735614
uniformCQI-61-20171221-10:10:41-9564;61;Network.user[3];41738.302907745
uniformCQI-61-20171221-10:10:41-9564;61;Network.user[4];41802.546638371
uniformCQI-61-20171221-10:10:41-9564;61;Network.user[5];41826.346373929
uniformCQI-61-20171221-10:10:41-9564;61;Network.user[6];41365.307052144
uniformCQI-61-20171221-10:10:41-9564;61;Network.user[7];41495.572271419
uniformCQI-61-20171221-10:10:41-9564;61;Network.user[8];41564.993722292
uniformCQI-61-20171221-10:10:41-9564;61;Network.user[9];41587.082365751
uniformCQI-62-20171221-10:10:42-1264;62;Network.user[0];41714.336507372
uniformCQI-62-20171221-10:10:42-1264;62;Network.user[1];41551.504983278
uniformCQI-62-20171221-10:10:42-1264;62;Network.user[2];41646.181709092
uniformCQI-62-20171221-10:10:42-1264;62;Network.user[3];41807.302141087
uniformCQI-62-20171221-10:10:42-1264;62;Network.user[4];41926.289707892
uniformCQI-62-20171221-10:10:42-1264;62;Network.user[5];41757.647137254
uniformCQI-62-20171221-10:10:42-1264;62;Network.user[6];41758.75823602
uniformCQI-62-20171221-10:10:42-1264;62;Network.user[7];41465.839268453
uniformCQI-62-20171221-10:10:42-1264;62;Network.user[8];41604.448839457
uniformCQI-62-20171221-10:10:42-1264;62;Network.user[9];41634.004066621
uniformCQI-63-20171221-10:10:42-13308;63;Network.user[0];41837.724025289
uniformCQI-63-20171221-10:10:42-13308;63;Network.user[1];41523.060854879
uniformCQI-63-20171221-10:10:42-13308;63;Network.user[2];41683.581293541
uniformCQI-63-20171221-10:10:42-13308;63;Network.user[3];41663.270408107
uniformCQI-63-20171221-10:10:42-13308;63;Network.user[4];41807.079921334
uniformCQI-63-20171221-10:10:42-13308;63;Network.user[5];41851.834979611
uniformCQI-63-20171221-10:10:42-13308;63;Network.user[6];41613.893178965
uniformCQI-63-20171221-10:10:42-13308;63;Network.user[7];41840.035110721
uniformCQI-63-20171221-10:10:42-13308;63;Network.user[8];41789.491227875
uniformCQI-63-20171221-10:10:42-13308;63;Network.user[9];41489.072343641
uniformCQI-64-20171221-10:10:52-3976;64;Network.user[0];41685.036832924
uniformCQI-64-20171221-10:10:52-3976;64;Network.user[1];41624.581949089
uniformCQI-64-20171221-10:10:52-3976;64;Network.user[2];41642.370640326
uniformCQI-64-20171221-10:10:52-3976;64;Network.user[3];41727.38080688
uniformCQI-64-20171221-10:10:52-3976;64;Network.user[4];41629.826335263
uniformCQI-64-20171221-10:10:52-3976;64;Network.user[5];41877.934689615
uniformCQI-64-20171221-10:10:52-3976;64;Network.user[6];41776.535816269
uniformCQI-64-20171221-10:10:52-3976;64;Network.user[7];41735.791824535
uniformCQI-64-20171221-10:10:52-3976;64;Network.user[8];41567.204808835
uniformCQI-64-20171221-10:10:52-3976;64;Network.user[9];41934.011844313
uniformCQI-65-20171221-10:10:53-13964;65;Network.user[0];41394.817835357
uniformCQI-65-20171221-10:10:53-13964;65;Network.user[1];41577.593582294
uniformCQI-65-20171221-10:10:53-13964;65;Network.user[2];41541.905089943
uniformCQI-65-20171221-10:10:53-13964;65;Network.user[3];41590.237886246
uniformCQI-65-20171221-10:10:53-13964;65;Network.user[4];41535.794046733
uniformCQI-65-20171221-10:10:53-13964;65;Network.user[5];41561.793757847
uniformCQI-65-20171221-10:10:53-13964;65;Network.user[6];41627.0930323
uniformCQI-65-20171221-10:10:53-13964;65;Network.user[7];41411.617648693
uniformCQI-65-20171221-10:10:53-13964;65;Network.user[8];41776.62470417
uniformCQI-65-20171221-10:10:53-13964;65;Network.user[9];41623.415295386
uniformCQI-66-20171221-10:10:53-14476;66;Network.user[0];41621.137542916
uniformCQI-66-20171221-10:10:53-14476;66;Network.user[1];41348.629459673
uniformCQI-66-20171221-10:10:53-14476;66;Network.user[2];41856.423817513
uniformCQI-66-20171221-10:10:53-14476;66;Network.user[3];41549.605004389
uniformCQI-66-20171221-10:10:53-14476;66;Network.user[4];41630.159664893
uniformCQI-66-20171221-10:10:53-14476;66;Network.user[5];41692.392306752
uniformCQI-66-20171221-10:10:53-14476;66;Network.user[6];41483.29463006
uniformCQI-66-20171221-10:10:53-14476;66;Network.user[7];41824.046399484
uniformCQI-66-20171221-10:10:53-14476;66;Network.user[8];41737.90291219
uniformCQI-66-20171221-10:10:53-14476;66;Network.user[9];41660.792657859
uniformCQI-67-20171221-10:10:53-11112;67;Network.user[0];41380.373551405
uniformCQI-67-20171221-10:10:53-11112;67;Network.user[1];41896.112265419
uniformCQI-67-20171221-10:10:53-11112;67;Network.user[2];41630.715214275
uniformCQI-67-20171221-10:10:53-11112;67;Network.user[3];41602.30441884
uniformCQI-67-20171221-10:10:53-11112;67;Network.user[4];41681.559093788
uniformCQI-67-20171221-10:10:53-11112;67;Network.user[5];41606.893256742
uniformCQI-67-20171221-10:10:53-11112;67;Network.user[6];41711.958756014
uniformCQI-67-20171221-10:10:53-11112;67;Network.user[7];41861.168209242
uniformCQI-67-20171221-10:10:53-11112;67;Network.user[8];41563.8159576
uniformCQI-67-20171221-10:10:53-11112;67;Network.user[9];41831.36854035
uniformCQI-68-20171221-10:11:03-9060;68;Network.user[0];41640.081776869
uniformCQI-68-20171221-10:11:03-9060;68;Network.user[1];41673.648070577
uniformCQI-68-20171221-10:11:03-9060;68;Network.user[2];41746.791702314
uniformCQI-68-20171221-10:11:03-9060;68;Network.user[3];41749.258341574
uniformCQI-68-20171221-10:11:03-9060;68;Network.user[4];41676.770258108
uniformCQI-68-20171221-10:11:03-9060;68;Network.user[5];41716.736480706
uniformCQI-68-20171221-10:11:03-9060;68;Network.user[6];41813.313185409
uniformCQI-68-20171221-10:11:03-9060;68;Network.user[7];41507.927689692
uniformCQI-68-20171221-10:11:03-9060;68;Network.user[8];41419.984222398
uniformCQI-68-20171221-10:11:03-9060;68;Network.user[9];41798.613348741
uniformCQI-69-20171221-10:11:03-12520;69;Network.user[0];41534.805168831
uniformCQI-69-20171221-10:11:03-12520;69;Network.user[1];41785.035721825
uniformCQI-69-20171221-10:11:03-12520;69;Network.user[2];41882.534638504
uniformCQI-69-20171221-10:11:03-12520;69;Network.user[3];41682.392417862
uniformCQI-69-20171221-10:11:03-12520;69;Network.user[4];41769.691447873
uniformCQI-69-20171221-10:11:03-12520;69;Network.user[5];41722.036421818
uniformCQI-69-20171221-10:11:03-12520;69;Network.user[6];41696.914478728
uniformCQI-69-20171221-10:11:03-12520;69;Network.user[7];42022.65530383
uniformCQI-69-20171221-10:11:03-12520;69;Network.user[8];41415.950933879
uniformCQI-69-20171221-10:11:03-12520;69;Network.user[9];41667.259252675
uniformCQI-70-20171221-10:11:03-5184;70;Network.user[0];41822.31308541
uniformCQI-70-20171221-10:11:03-5184;70;Network.user[1];41640.392884524
uniformCQI-70-20171221-10:11:03-5184;70;Network.user[2];41532.39408451
uniformCQI-70-20171221-10:11:03-5184;70;Network.user[3];41545.671714759
uniformCQI-70-20171221-10:11:03-5184;70;Network.user[4];41889.779002456
uniformCQI-70-20171221-10:11:03-5184;70;Network.user[5];41676.57026033
uniformCQI-70-20171221-10:11:03-5184;70;Network.user[6];41695.603382185
uniformCQI-70-20171221-10:11:03-5184;70;Network.user[7];41775.669159232
uniformCQI-70-20171221-10:11:03-5184;70;Network.user[8];41680.692436751
uniformCQI-70-20171221-10:11:03-5184;70;Network.user[9];41797.402251086
uniformCQI-71-20171221-10:11:04-14588;71;Network.user[0];41639.104009955
uniformCQI-71-20171221-10:11:04-14588;71;Network.user[1];41747.936134043
uniformCQI-71-20171221-10:11:04-14588;71;Network.user[2];41347.462805969
uniformCQI-71-20171221-10:11:04-14588;71;Network.user[3];41634.58183798
uniformCQI-71-20171221-10:11:04-14588;71;Network.user[4];41471.828090799
uniformCQI-71-20171221-10:11:04-14588;71;Network.user[5];41675.85915712
uniformCQI-71-20171221-10:11:04-14588;71;Network.user[6];41260.219330896
uniformCQI-71-20171221-10:11:04-14588;71;Network.user[7];41380.895767825
uniformCQI-71-20171221-10:11:04-14588;71;Network.user[8];41460.439328452
uniformCQI-71-20171221-10:11:04-14588;71;Network.user[9];41788.246797258
uniformCQI-72-20171221-10:11:14-1756;72;Network.user[0];41444.328396351
uniformCQI-72-20171221-10:11:14-1756;72;Network.user[1];41341.096210042
uniformCQI-72-20171221-10:11:14-1756;72;Network.user[2];41665.337051811
uniformCQI-72-20171221-10:11:14-1756;72;Network.user[3];41310.907656582
uniformCQI-72-20171221-10:11:14-1756;72;Network.user[4];41622.670859213
uniformCQI-72-20171221-10:11:14-1756;72;Network.user[5];41629.837446251
uniformCQI-72-20171221-10:11:14-1756;72;Network.user[6];41666.081487983
uniformCQI-72-20171221-10:11:14-1756;72;Network.user[7];41690.625659715
uniformCQI-72-20171221-10:11:14-1756;72;Network.user[8];41450.583882401
uniformCQI-72-20171221-10:11:14-1756;72;Network.user[9];41453.106076599
uniformCQI-73-20171221-10:11:14-13192;73;Network.user[0];41647.681692426
uniformCQI-73-20171221-10:11:14-13192;73;Network.user[1];41722.469750336
uniformCQI-73-20171221-10:11:14-13192;73;Network.user[2];41340.39621782
uniformCQI-73-20171221-10:11:14-13192;73;Network.user[3];41620.415328719
uniformCQI-73-20171221-10:11:14-13192;73;Network.user[4];41619.026455262
uniformCQI-73-20171221-10:11:14-13192;73;Network.user[5];41756.058266019
uniformCQI-73-20171221-10:11:14-13192;73;Network.user[6];41847.146142821
uniformCQI-73-20171221-10:11:14-13192;73;Network.user[7];41621.826424151
uniformCQI-73-20171221-10:11:14-13192;73;Network.user[8];41708.314352063
uniformCQI-73-20171221-10:11:14-13192;73;Network.user[9];41769.891445651
uniformCQI-74-20171221-10:11:14-7188;74;Network.user[0];41525.594160065
uniformCQI-74-20171221-10:11:14-7188;74;Network.user[1];41643.692847857
uniformCQI-74-20171221-10:11:14-7188;74;Network.user[2];41749.236119599
uniformCQI-74-20171221-10:11:14-7188;74;Network.user[3];41780.802435528
uniformCQI-74-20171221-10:11:14-7188;74;Network.user[4];41776.269152565
uniformCQI-74-20171221-10:11:14-7188;74;Network.user[5];41511.427650804
uniformCQI-74-20171221-10:11:14-7188;74;Network.user[6];41960.255997156
uniformCQI-74-20171221-10:11:14-7188;74;Network.user[7];41424.417506472
uniformCQI-74-20171221-10:11:14-7188;74;Network.user[8];41663.592626749
uniformCQI-74-20171221-10:11:14-7188;74;Network.user[9];41810.813213187
uniformCQI-75-20171221-10:11:15-3704;75;Network.user[0];42010.877656915
uniformCQI-75-20171221-10:11:15-3704;75;Network.user[1];41529.094121176
uniformCQI-75-20171221-10:11:15-3704;75;Network.user[2];41723.214186509
uniformCQI-75-20171221-10:11:15-3704;75;Network.user[3];41628.826346374
uniformCQI-75-20171221-10:11:15-3704;75;Network.user[4];41542.249530561
uniformCQI-75-20171221-10:11:15-3704;75;Network.user[5];41578.315796491
uniformCQI-75-20171221-10:11:15-3704;75;Network.user[6];41601.526649704
uniformCQI-75-20171221-10:11:15-3704;75;Network.user[7];41635.726269708
uniformCQI-75-20171221-10:11:15-3704;75;Network.user[8];41564.182620193
uniformCQI-75-20171221-10:11:15-3704;75;Network.user[9];41501.127765247
uniformCQI-76-20171221-10:11:25-3720;76;Network.user[0];41692.2589749
uniformCQI-76-20171221-10:11:25-3720;76;Network.user[1];41799.435561827
uniformCQI-76-20171221-10:11:25-3720;76;Network.user[2];41863.968178131
uniformCQI-76-20171221-10:11:25-3720;76;Network.user[3];41841.979533561
uniformCQI-76-20171221-10:11:25-3720;76;Network.user[4];41808.157687137
uniformCQI-76-20171221-10:11:25-3720;76;Network.user[5];41731.091876757
uniformCQI-76-20171221-10:11:25-3720;76;Network.user[6];41653.614959834
uniformCQI-76-20171221-10:11:25-3720;76;Network.user[7];41357.062699303
uniformCQI-76-20171221-10:11:25-3720;76;Network.user[8];41843.079521339
uniformCQI-76-20171221-10:11:25-3720;76;Network.user[9];41672.370306997
uniformCQI-77-20171221-10:11:25-2980;77;Network.user[0];41622.970855879
uniformCQI-77-20171221-10:11:25-2980;77;Network.user[1];41663.948178354
uniformCQI-77-20171221-10:11:25-2980;77;Network.user[2];41529.016344263
uniformCQI-77-20171221-10:11:25-2980;77;Network.user[3];41609.104343285
uniformCQI-77-20171221-10:11:25-2980;77;Network.user[4];41633.359629337
uniformCQI-77-20171221-10:11:25-2980;77;Network.user[5];41640.903989956
uniformCQI-77-20171221-10:11:25-2980;77;Network.user[6];41661.770424773
uniformCQI-77-20171221-10:11:25-2980;77;Network.user[7];41670.12588749
uniformCQI-77-20171221-10:11:25-2980;77;Network.user[8];41598.204464395
uniformCQI-77-20171221-10:11:25-2980;77;Network.user[9];41496.605593271
uniformCQI-78-20171221-10:11:25-1484;78;Network.user[0];41794.146731703
uniformCQI-78-20171221-10:11:25-1484;78;Network.user[1];41589.893445628
uniformCQI-78-20171221-10:11:25-1484;78;Network.user[2];41788.035688492
uniformCQI-78-20171221-10:11:25-1484;78;Network.user[3];41773.580293552
uniformCQI-78-20171221-10:11:25-1484;78;Network.user[4];41812.602082199
uniformCQI-78-20171221-10:11:25-1484;78;Network.user[5];41570.682547972
uniformCQI-78-20171221-10:11:25-1484;78;Network.user[6];41735.402939967
uniformCQI-78-20171221-10:11:25-1484;78;Network.user[7];41805.591048988
uniformCQI-78-20171221-10:11:25-1484;78;Network.user[8];41673.381406873
uniformCQI-78-20171221-10:11:25-1484;78;Network.user[9];41833.257408251
uniformCQI-79-20171221-10:11:25-3716;79;Network.user[0];41511.705425495
uniformCQI-79-20171221-10:11:25-3716;79;Network.user[1];41496.994477839
uniformCQI-79-20171221-10:11:25-3716;79;Network.user[2];41404.317729803
uniformCQI-79-20171221-10:11:25-3716;79;Network.user[3];41539.382895746
uniformCQI-79-20171221-10:11:25-3716;79;Network.user[4];41480.894656726
uniformCQI-79-20171221-10:11:25-3716;79;Network.user[5];41776.791368985
uniformCQI-79-20171221-10:11:25-3716;79;Network.user[6];41702.136642926
uniformCQI-79-20171221-10:11:25-3716;79;Network.user[7];41287.507916579
uniformCQI-79-20171221-10:11:25-3716;79;Network.user[8];41580.415773158
uniformCQI-79-20171221-10:11:25-3716;79;Network.user[9];41723.647515028
uniformCQI-80-20171221-10:11:35-10384;80;Network.user[0];41559.427117476
uniformCQI-80-20171221-10:11:35-10384;80;Network.user[1];41821.068654793
uniformCQI-80-20171221-10:11:35-10384;80;Network.user[2];41698.047799469
uniformCQI-80-20171221-10:11:35-10384;80;Network.user[3];41843.523960845
uniformCQI-80-20171221-10:11:35-10384;80;Network.user[4];41616.304263286
uniformCQI-80-20171221-10:11:35-10384;80;Network.user[5];41770.146998367
uniformCQI-80-20171221-10:11:35-10384;80;Network.user[6];41695.170053666
uniformCQI-80-20171221-10:11:35-10384;80;Network.user[7];41693.30340774
uniformCQI-80-20171221-10:11:35-10384;80;Network.user[8];41440.6839924
uniformCQI-80-20171221-10:11:35-10384;80;Network.user[9];41500.549993889
uniformCQI-81-20171221-10:11:36-12848;81;Network.user[0];41661.248208353
uniformCQI-81-20171221-10:11:36-12848;81;Network.user[1];41423.350851657
uniformCQI-81-20171221-10:11:36-12848;81;Network.user[2];41569.538116243
uniformCQI-81-20171221-10:11:36-12848;81;Network.user[3];41616.470928101
uniformCQI-81-20171221-10:11:36-12848;81;Network.user[4];42028.244130621
uniformCQI-81-20171221-10:11:36-12848;81;Network.user[5];41415.85093499
uniformCQI-81-20171221-10:11:36-12848;81;Network.user[6];41769.347007255
uniformCQI-81-20171221-10:11:36-12848;81;Network.user[7];41411.606537705
uniformCQI-81-20171221-10:11:36-12848;81;Network.user[8];41508.516572038
uniformCQI-81-20171221-10:11:36-12848;81;Network.user[9];41802.057754914
uniformCQI-82-20171221-10:11:36-2592;82;Network.user[0];41597.89335674
uniformCQI-82-20171221-10:11:36-2592;82;Network.user[1];41413.995400051
uniformCQI-82-20171221-10:11:36-2592;82;Network.user[2];41717.447583916
uniformCQI-82-20171221-10:11:36-2592;82;Network.user[3];41751.602759969
uniformCQI-82-20171221-10:11:36-2592;82;Network.user[4];41713.458739347
uniformCQI-82-20171221-10:11:36-2592;82;Network.user[5];41776.724703059
uniformCQI-82-20171221-10:11:36-2592;82;Network.user[6];41681.88131243
uniformCQI-82-20171221-10:11:36-2592;82;Network.user[7];41587.8490239
uniformCQI-82-20171221-10:11:36-2592;82;Network.user[8];41955.567160365
uniformCQI-82-20171221-10:11:36-2592;82;Network.user[9];41735.280719103
uniformCQI-83-20171221-10:11:36-7960;83;Network.user[0];41900.512216531
uniformCQI-83-20171221-10:11:36-7960;83;Network.user[1];41757.747136143
uniformCQI-83-20171221-10:11:36-7960;83;Network.user[2];41709.70322552
uniformCQI-83-20171221-10:11:36-7960;83;Network.user[3];41580.249108343
uniformCQI-83-20171221-10:11:36-7960;83;Network.user[4];41857.279363563
uniformCQI-83-20171221-10:11:36-7960;83;Network.user[5];41645.503938845
uniformCQI-83-20171221-10:11:36-7960;83;Network.user[6];41582.760191553
uniformCQI-83-20171221-10:11:36-7960;83;Network.user[7];41521.138654015
uniformCQI-83-20171221-10:11:36-7960;83;Network.user[8];41506.605482161
uniformCQI-83-20171221-10:11:36-7960;83;Network.user[9];41554.882723525
uniformCQI-84-20171221-10:11:46-3844;84;Network.user[0];41668.414795391
uniformCQI-84-20171221-10:11:46-3844;84;Network.user[1];41521.316429817
uniformCQI-84-20171221-10:11:46-3844;84;Network.user[2];41881.867979245
uniformCQI-84-20171221-10:11:46-3844;84;Network.user[3];41697.192253419
uniformCQI-84-20171221-10:11:46-3844;84;Network.user[4];41376.851368318
uniformCQI-84-20171221-10:11:46-3844;84;Network.user[5];41643.426184154
uniformCQI-84-20171221-10:11:46-3844;84;Network.user[6];41812.202086643
uniformCQI-84-20171221-10:11:46-3844;84;Network.user[7];41463.428184131
uniformCQI-84-20171221-10:11:46-3844;84;Network.user[8];41841.957311585
uniformCQI-84-20171221-10:11:46-3844;84;Network.user[9];41555.338274019
uniformCQI-85-20171221-10:11:47-15172;85;Network.user[0];41452.25053055
uniformCQI-85-20171221-10:11:47-15172;85;Network.user[1];41376.929145232
uniformCQI-85-20171221-10:11:47-15172;85;Network.user[2];41560.427106365
uniformCQI-85-20171221-10:11:47-15172;85;Network.user[3];41402.984411284
uniformCQI-85-20171221-10:11:47-15172;85;Network.user[4];41639.137342918
uniformCQI-85-20171221-10:11:47-15172;85;Network.user[5];41629.64855946
uniformCQI-85-20171221-10:11:47-15172;85;Network.user[6];41754.724947501
uniformCQI-85-20171221-10:11:47-15172;85;Network.user[7];41460.994877835
uniformCQI-85-20171221-10:11:47-15172;85;Network.user[8];41413.095410051
uniformCQI-85-20171221-10:11:47-15172;85;Network.user[9];41855.701603316
uniformCQI-86-20171221-10:11:47-13908;86;Network.user[0];41655.592715636
uniformCQI-86-20171221-10:11:47-13908;86;Network.user[1];41317.018699792
uniformCQI-86-20171221-10:11:47-13908;86;Network.user[2];41885.434606282
uniformCQI-86-20171221-10:11:47-13908;86;Network.user[3];41738.691792313
uniformCQI-86-20171221-10:11:47-13908;86;Network.user[4];41541.605093277
uniformCQI-86-20171221-10:11:47-13908;86;Network.user[5];41838.857346029
uniformCQI-86-20171221-10:11:47-13908;86;Network.user[6];41719.103121076
uniformCQI-86-20171221-10:11:47-13908;86;Network.user[7];41631.892978967
uniformCQI-86-20171221-10:11:47-13908;86;Network.user[8];41666.970366996
uniformCQI-86-20171221-10:11:47-13908;86;Network.user[9];41808.102132199
uniformCQI-87-20171221-10:11:47-6140;87;Network.user[0];41808.746569483
uniformCQI-87-20171221-10:11:47-6140;87;Network.user[1];41407.051032766
uniformCQI-87-20171221-10:11:47-6140;87;Network.user[2];41542.038421795
uniformCQI-87-20171221-10:11:47-6140;87;Network.user[3];41572.271419206
uniformCQI-87-20171221-10:11:47-6140;87;Network.user[4];41506.216597593
uniformCQI-87-20171221-10:11:47-6140;87;Network.user[5];41546.882812413
uniformCQI-87-20171221-10:11:47-6140;87;Network.user[6];41478.928011911
uniformCQI-87-20171221-10:11:47-6140;87;Network.user[7];41832.746302819
uniformCQI-87-20171221-10:11:47-6140;87;Network.user[8];41543.827290808
uniformCQI-87-20171221-10:11:47-6140;87;Network.user[9];42096.298930012
uniformCQI-88-20171221-10:11:57-10068;88;Network.user[0];41670.670325885
uniformCQI-88-20171221-10:11:57-10068;88;Network.user[1];41503.183297963
uniformCQI-88-20171221-10:11:57-10068;88;Network.user[2];41686.281263542
uniformCQI-88-20171221-10:11:57-10068;88;Network.user[3];41736.925145276
uniformCQI-88-20171221-10:11:57-10068;88;Network.user[4];41865.234830724
uniformCQI-88-20171221-10:11:57-10068;88;Network.user[5];41791.735647382
uniformCQI-88-20171221-10:11:57-10068;88;Network.user[6];41725.158609349
uniformCQI-88-20171221-10:11:57-10068;88;Network.user[7];41508.416573149
uniformCQI-88-20171221-10:11:57-10068;88;Network.user[8];41666.892590082
uniformCQI-88-20171221-10:11:57-10068;88;Network.user[9];41746.525038611
uniformCQI-89-20171221-10:11:57-13528;89;Network.user[0];41788.402351085
uniformCQI-89-20171221-10:11:57-13528;89;Network.user[1];41865.101498872
uniformCQI-89-20171221-10:11:57-13528;89;Network.user[2];41397.740025111
uniformCQI-89-20171221-10:11:57-13528;89;Network.user[3];41454.306063266
uniformCQI-89-20171221-10:11:57-13528;89;Network.user[4];41740.858434906
uniformCQI-89-20171221-10:11:57-13528;89;Network.user[5];41736.080710214
uniformCQI-89-20171221-10:11:57-13528;89;Network.user[6];41563.371518094
uniformCQI-89-20171221-10:11:57-13528;89;Network.user[7];41538.960678215
uniformCQI-89-20171221-10:11:57-13528;89;Network.user[8];41811.146542816
uniformCQI-89-20171221-10:11:57-13528;89;Network.user[9];41675.903601071
uniformCQI-90-20171221-10:11:58-3084;90;Network.user[0];41478.105798824
uniformCQI-90-20171221-10:11:58-3084;90;Network.user[1];41677.248030577
uniformCQI-90-20171221-10:11:58-3084;90;Network.user[2];41690.747880579
uniformCQI-90-20171221-10:11:58-3084;90;Network.user[3];41807.402139976
uniformCQI-90-20171221-10:11:58-3084;90;Network.user[4];41977.766913701
uniformCQI-90-20171221-10:11:58-3084;90;Network.user[5];41701.181097988
uniformCQI-90-20171221-10:11:58-3084;90;Network.user[6];41446.595037833
uniformCQI-90-20171221-10:11:58-3084;90;Network.user[7];41516.194264508
uniformCQI-90-20171221-10:11:58-3084;90;Network.user[8];41693.470072555
uniformCQI-90-20171221-10:11:58-3084;90;Network.user[9];41548.938345129
uniformCQI-91-20171221-10:11:58-5244;91;Network.user[0];41619.326451928
uniformCQI-91-20171221-10:11:58-5244;91;Network.user[1];41570.771435873
uniformCQI-91-20171221-10:11:58-5244;91;Network.user[2];41589.726780814
uniformCQI-91-20171221-10:11:58-5244;91;Network.user[3];41682.625748603
uniformCQI-91-20171221-10:11:58-5244;91;Network.user[4];41737.158476017
uniformCQI-91-20171221-10:11:58-5244;91;Network.user[5];41606.715480939
uniformCQI-91-20171221-10:11:58-5244;91;Network.user[6];41451.406095488
uniformCQI-91-20171221-10:11:58-5244;91;Network.user[7];41586.704592171
uniformCQI-91-20171221-10:11:58-5244;91;Network.user[8];41541.049543894
uniformCQI-91-20171221-10:11:58-5244;91;Network.user[9];41622.693081188
uniformCQI-92-20171221-10:12:08-14396;92;Network.user[0];41951.233875179
uniformCQI-92-20171221-10:12:08-14396;92;Network.user[1];41457.628248575
uniformCQI-92-20171221-10:12:08-14396;92;Network.user[2];41520.227553027
uniformCQI-92-20171221-10:12:08-14396;92;Network.user[3];41609.393228964
uniformCQI-92-20171221-10:12:08-14396;92;Network.user[4];41606.037710692
uniformCQI-92-20171221-10:12:08-14396;92;Network.user[5];41518.12757636
uniformCQI-92-20171221-10:12:08-14396;92;Network.user[6];41887.867912579
uniformCQI-92-20171221-10:12:08-14396;92;Network.user[7];41561.293763403
uniformCQI-92-20171221-10:12:08-14396;92;Network.user[8];41900.512216531
uniformCQI-92-20171221-10:12:08-14396;92;Network.user[9];41794.835612938
uniformCQI-93-20171221-10:12:09-12324;93;Network.user[0];41817.702025533
uniformCQI-93-20171221-10:12:09-12324;93;Network.user[1];41650.326107488
uniformCQI-93-20171221-10:12:09-12324;93;Network.user[2];41739.547338363
uniformCQI-93-20171221-10:12:09-12324;93;Network.user[3];41575.993600071
uniformCQI-93-20171221-10:12:09-12324;93;Network.user[4];41566.738147354
uniformCQI-93-20171221-10:12:09-12324;93;Network.user[5];41607.793246742
uniformCQI-93-20171221-10:12:09-12324;93;Network.user[6];41688.203464406
uniformCQI-93-20171221-10:12:09-12324;93;Network.user[7];41594.048955012
uniformCQI-93-20171221-10:12:09-12324;93;Network.user[8];41618.89312341
uniformCQI-93-20171221-10:12:09-12324;93;Network.user[9];41497.883356852
uniformCQI-94-20171221-10:12:09-7056;94;Network.user[0];41731.891867868
uniformCQI-94-20171221-10:12:09-7056;94;Network.user[1];41718.103132187
uniformCQI-94-20171221-10:12:09-7056;94;Network.user[2];42014.666503706
uniformCQI-94-20171221-10:12:09-7056;94;Network.user[3];41883.634626282
uniformCQI-94-20171221-10:12:09-7056;94;Network.user[4];41704.569949223
uniformCQI-94-20171221-10:12:09-7056;94;Network.user[5];41647.448361685
uniformCQI-94-20171221-10:12:09-7056;94;Network.user[6];41634.692947856
uniformCQI-94-20171221-10:12:09-7056;94;Network.user[7];41660.081554649
uniformCQI-94-20171221-10:12:09-7056;94;Network.user[8];41763.869290341
uniformCQI-94-20171221-10:12:09-7056;94;Network.user[9];41456.839368451
uniformCQI-95-20171221-10:12:09-14432;95;Network.user[0];41815.924267508
uniformCQI-95-20171221-10:12:09-14432;95;Network.user[1];41716.925367496
uniformCQI-95-20171221-10:12:09-14432;95;Network.user[2];41615.826490817
uniformCQI-95-20171221-10:12:09-14432;95;Network.user[3];41733.036299597
uniformCQI-95-20171221-10:12:09-14432;95;Network.user[4];41660.281552427
uniformCQI-95-20171221-10:12:09-14432;95;Network.user[5];41694.647837246
uniformCQI-95-20171221-10:12:09-14432;95;Network.user[6];41808.802124421
uniformCQI-95-20171221-10:12:09-14432;95;Network.user[7];41509.894334507
uniformCQI-95-20171221-10:12:09-14432;95;Network.user[8];41646.75948045
uniformCQI-95-20171221-10:12:09-14432;95;Network.user[9];41514.316507594
uniformCQI-96-20171221-10:12:18-9072;96;Network.user[0];41757.036032933
uniformCQI-96-20171221-10:12:18-9072;96;Network.user[1];41761.091543427
uniformCQI-96-20171221-10:12:18-9072;96;Network.user[2];41841.957311585
uniformCQI-96-20171221-10:12:18-9072;96;Network.user[3];41842.601748869
uniformCQI-96-20171221-10:12:18-9072;96;Network.user[4];41895.378940234
uniformCQI-96-20171221-10:12:18-9072;96;Network.user[5];41725.680825769
uniformCQI-96-20171221-10:12:18-9072;96;Network.user[6];41590.282330196
uniformCQI-96-20171221-10:12:18-9072;96;Network.user[7];41615.626493039
uniformCQI-96-20171221-10:12:18-9072;96;Network.user[8];41459.73933623
uniformCQI-96-20171221-10:12:18-9072;96;Network.user[9];41638.815124276
uniformCQI-97-20171221-10:12:19-11620;97;Network.user[0];41889.979000233
uniformCQI-97-20171221-10:12:19-11620;97;Network.user[1];41781.669092566
uniformCQI-97-20171221-10:12:19-11620;97;Network.user[2];41756.236041822
uniformCQI-97-20171221-10:12:19-11620;97;Network.user[3];41570.638104021
uniformCQI-97-20171221-10:12:19-11620;97;Network.user[4];41707.414362063
uniformCQI-97-20171221-10:12:19-11620;97;Network.user[5];41641.070654771
uniformCQI-97-20171221-10:12:19-11620;97;Network.user[6];41655.281607982
uniformCQI-97-20171221-10:12:19-11620;97;Network.user[7];41688.936789591
uniformCQI-97-20171221-10:12:19-11620;97;Network.user[8];41640.392884524
uniformCQI-97-20171221-10:12:19-11620;97;Network.user[9];41898.456683815
uniformCQI-98-20171221-10:12:19-11124;98;Network.user[0];41528.071910312
uniformCQI-98-20171221-10:12:19-11124;98;Network.user[1];41793.435628493
uniformCQI-98-20171221-10:12:19-11124;98;Network.user[2];41824.346396151
uniformCQI-98-20171221-10:12:19-11124;98;Network.user[3];41659.08156576
uniformCQI-98-20171221-10:12:19-11124;98;Network.user[4];41764.447061699
uniformCQI-98-20171221-10:12:19-11124;98;Network.user[5];41660.481550205
uniformCQI-98-20171221-10:12:19-11124;98;Network.user[6];41429.806335485
uniformCQI-98-20171221-10:12:19-11124;98;Network.user[7];41923.64529283
uniformCQI-98-20171221-10:12:19-11124;98;Network.user[8];41802.624415284
uniformCQI-98-20171221-10:12:19-11124;98;Network.user[9];41507.694358952
uniformCQI-99-20171221-10:12:19-14036;99;Network.user[0];41716.436484039
uniformCQI-99-20171221-10:12:19-14036;99;Network.user[1];41977.878023578
uniformCQI-99-20171221-10:12:19-14036;99;Network.user[2];41606.348818346
uniformCQI-99-20171221-10:12:19-14036;99;Network.user[3];41671.02587749
uniformCQI-99-20171221-10:12:19-14036;99;Network.user[4];41480.950211664
uniformCQI-99-20171221-10:12:19-14036;99;Network.user[5];41681.336874035
uniformCQI-99-20171221-10:12:19-14036;99;Network.user[6];41953.633848513
uniformCQI-99-20171221-10:12:19-14036;99;Network.user[7];42067.465917045
uniformCQI-99-20171221-10:12:19-14036;99;Network.user[8];41608.082132421
uniformCQI-99-20171221-10:12:19-14036;99;Network.user[9];41695.047832802
