run;resp:mean
binomialCQITwoChunks-0-20171219-21:40:57-7740;0.0005336
binomialCQITwoChunks-0-20171219-21:40:57-7740;0.001891013
binomialCQITwoChunks-0-20171219-21:40:57-7740;0.000514317
binomialCQITwoChunks-0-20171219-21:40:57-7740;0.000544811
binomialCQITwoChunks-0-20171219-21:40:57-7740;0.000554317
binomialCQITwoChunks-0-20171219-21:40:57-7740;0.001744713
binomialCQITwoChunks-0-20171219-21:40:57-7740;0.000512536
binomialCQITwoChunks-0-20171219-21:40:57-7740;0.00196686
binomialCQITwoChunks-0-20171219-21:40:57-7740;0.000808941
binomialCQITwoChunks-0-20171219-21:40:57-7740;0.001086721
binomialCQITwoChunks-1-20171219-21:40:57-7408;0.000890749
binomialCQITwoChunks-1-20171219-21:40:57-7408;0.000737542
binomialCQITwoChunks-1-20171219-21:40:57-7408;0.000610339
binomialCQITwoChunks-1-20171219-21:40:57-7408;0.000786977
binomialCQITwoChunks-1-20171219-21:40:57-7408;0.000692105
binomialCQITwoChunks-1-20171219-21:40:57-7408;0.000875694
binomialCQITwoChunks-1-20171219-21:40:57-7408;0.001180763
binomialCQITwoChunks-1-20171219-21:40:57-7408;0.001002459
binomialCQITwoChunks-1-20171219-21:40:57-7408;0.004096434
binomialCQITwoChunks-1-20171219-21:40:57-7408;0.000611078
binomialCQITwoChunks-2-20171219-21:40:57-10308;0.000725418
binomialCQITwoChunks-2-20171219-21:40:57-10308;0.00050112
binomialCQITwoChunks-2-20171219-21:40:57-10308;0.000947355
binomialCQITwoChunks-2-20171219-21:40:57-10308;0.001760085
binomialCQITwoChunks-2-20171219-21:40:57-10308;0.000505768
binomialCQITwoChunks-2-20171219-21:40:57-10308;0.000669601
binomialCQITwoChunks-2-20171219-21:40:57-10308;0.000800279
binomialCQITwoChunks-2-20171219-21:40:57-10308;0.000764608
binomialCQITwoChunks-2-20171219-21:40:57-10308;0.00064615
binomialCQITwoChunks-2-20171219-21:40:57-10308;0.002794253
binomialCQITwoChunks-3-20171219-21:40:57-10344;0.000581434
binomialCQITwoChunks-3-20171219-21:40:57-10344;0.001677654
binomialCQITwoChunks-3-20171219-21:40:57-10344;0.000854336
binomialCQITwoChunks-3-20171219-21:40:57-10344;0.000680782
binomialCQITwoChunks-3-20171219-21:40:57-10344;0.001310045
binomialCQITwoChunks-3-20171219-21:40:57-10344;0.000544278
binomialCQITwoChunks-3-20171219-21:40:57-10344;0.000546979
binomialCQITwoChunks-3-20171219-21:40:57-10344;0.000998318
binomialCQITwoChunks-3-20171219-21:40:57-10344;0.000573975
binomialCQITwoChunks-3-20171219-21:40:57-10344;0.002588755
binomialCQITwoChunks-4-20171219-21:40:57-8956;0.00054476
binomialCQITwoChunks-4-20171219-21:40:57-8956;0.000698065
binomialCQITwoChunks-4-20171219-21:40:57-8956;0.000720359
binomialCQITwoChunks-4-20171219-21:40:57-8956;0.000702546
binomialCQITwoChunks-4-20171219-21:40:57-8956;0.000853693
binomialCQITwoChunks-4-20171219-21:40:57-8956;0.004016594
binomialCQITwoChunks-4-20171219-21:40:57-8956;0.000518356
binomialCQITwoChunks-4-20171219-21:40:57-8956;0.001155689
binomialCQITwoChunks-4-20171219-21:40:57-8956;0.000887096
binomialCQITwoChunks-4-20171219-21:40:57-8956;0.000829205
binomialCQITwoChunks-5-20171219-21:40:57-8952;0.000504637
binomialCQITwoChunks-5-20171219-21:40:57-8952;0.00361411
binomialCQITwoChunks-5-20171219-21:40:57-8952;0.000943688
binomialCQITwoChunks-5-20171219-21:40:57-8952;0.000609672
binomialCQITwoChunks-5-20171219-21:40:57-8952;0.0011898
binomialCQITwoChunks-5-20171219-21:40:57-8952;0.000534402
binomialCQITwoChunks-5-20171219-21:40:57-8952;0.000551686
binomialCQITwoChunks-5-20171219-21:40:57-8952;0.0005115
binomialCQITwoChunks-5-20171219-21:40:57-8952;0.000563433
binomialCQITwoChunks-5-20171219-21:40:57-8952;0.001474838
binomialCQITwoChunks-6-20171219-21:40:57-15244;0.001108346
binomialCQITwoChunks-6-20171219-21:40:57-15244;0.000723079
binomialCQITwoChunks-6-20171219-21:40:57-15244;0.000543444
binomialCQITwoChunks-6-20171219-21:40:57-15244;0.000561723
binomialCQITwoChunks-6-20171219-21:40:57-15244;0.000844693
binomialCQITwoChunks-6-20171219-21:40:57-15244;0.001163924
binomialCQITwoChunks-6-20171219-21:40:57-15244;0.000661562
binomialCQITwoChunks-6-20171219-21:40:57-15244;0.004104709
binomialCQITwoChunks-6-20171219-21:40:57-15244;0.000593547
binomialCQITwoChunks-6-20171219-21:40:57-15244;0.000669605
binomialCQITwoChunks-7-20171219-21:40:57-6436;0.000500358
binomialCQITwoChunks-7-20171219-21:40:57-6436;0.001366647
binomialCQITwoChunks-7-20171219-21:40:57-6436;0.002550895
binomialCQITwoChunks-7-20171219-21:40:57-6436;0.000521085
binomialCQITwoChunks-7-20171219-21:40:57-6436;0.000604893
binomialCQITwoChunks-7-20171219-21:40:57-6436;0.000584782
binomialCQITwoChunks-7-20171219-21:40:57-6436;0.000673909
binomialCQITwoChunks-7-20171219-21:40:57-6436;0.000499601
binomialCQITwoChunks-7-20171219-21:40:57-6436;0.002368419
binomialCQITwoChunks-7-20171219-21:40:57-6436;0.000573488
binomialCQITwoChunks-8-20171219-21:41:09-4472;0.001917333
binomialCQITwoChunks-8-20171219-21:41:09-4472;0.000499754
binomialCQITwoChunks-8-20171219-21:41:09-4472;0.000595817
binomialCQITwoChunks-8-20171219-21:41:09-4472;0.000983754
binomialCQITwoChunks-8-20171219-21:41:09-4472;0.000938473
binomialCQITwoChunks-8-20171219-21:41:09-4472;0.000514187
binomialCQITwoChunks-8-20171219-21:41:09-4472;0.000846569
binomialCQITwoChunks-8-20171219-21:41:09-4472;0.001328289
binomialCQITwoChunks-8-20171219-21:41:09-4472;0.00050504
binomialCQITwoChunks-8-20171219-21:41:09-4472;0.001782613
binomialCQITwoChunks-9-20171219-21:41:09-8248;0.000583478
binomialCQITwoChunks-9-20171219-21:41:09-8248;0.0005525
binomialCQITwoChunks-9-20171219-21:41:09-8248;0.000515978
binomialCQITwoChunks-9-20171219-21:41:09-8248;0.001742135
binomialCQITwoChunks-9-20171219-21:41:09-8248;0.000501209
binomialCQITwoChunks-9-20171219-21:41:09-8248;0.00203735
binomialCQITwoChunks-9-20171219-21:41:09-8248;0.000526891
binomialCQITwoChunks-9-20171219-21:41:09-8248;0.00069206
binomialCQITwoChunks-9-20171219-21:41:09-8248;0.00089121
binomialCQITwoChunks-9-20171219-21:41:09-8248;0.001842008
binomialCQITwoChunks-10-20171219-21:41:09-12952;0.000546548
binomialCQITwoChunks-10-20171219-21:41:09-12952;0.000499068
binomialCQITwoChunks-10-20171219-21:41:09-12952;0.002868899
binomialCQITwoChunks-10-20171219-21:41:09-12952;0.000547595
binomialCQITwoChunks-10-20171219-21:41:09-12952;0.00131017
binomialCQITwoChunks-10-20171219-21:41:09-12952;0.000503027
binomialCQITwoChunks-10-20171219-21:41:09-12952;0.000584993
binomialCQITwoChunks-10-20171219-21:41:09-12952;0.000516347
binomialCQITwoChunks-10-20171219-21:41:09-12952;0.000663211
binomialCQITwoChunks-10-20171219-21:41:09-12952;0.002115824
binomialCQITwoChunks-11-20171219-21:41:09-1372;0.000518424
binomialCQITwoChunks-11-20171219-21:41:09-1372;0.000945646
binomialCQITwoChunks-11-20171219-21:41:09-1372;0.001010449
binomialCQITwoChunks-11-20171219-21:41:09-1372;0.000511648
binomialCQITwoChunks-11-20171219-21:41:09-1372;0.002248615
binomialCQITwoChunks-11-20171219-21:41:09-1372;0.00085214
binomialCQITwoChunks-11-20171219-21:41:09-1372;0.000555366
binomialCQITwoChunks-11-20171219-21:41:09-1372;0.000508504
binomialCQITwoChunks-11-20171219-21:41:09-1372;0.001155638
binomialCQITwoChunks-11-20171219-21:41:09-1372;0.001697923
binomialCQITwoChunks-12-20171219-21:41:10-14092;0.00054142
binomialCQITwoChunks-12-20171219-21:41:10-14092;0.000511728
binomialCQITwoChunks-12-20171219-21:41:10-14092;0.001032607
binomialCQITwoChunks-12-20171219-21:41:10-14092;0.000599935
binomialCQITwoChunks-12-20171219-21:41:10-14092;0.003840926
binomialCQITwoChunks-12-20171219-21:41:10-14092;0.000530816
binomialCQITwoChunks-12-20171219-21:41:10-14092;0.001499237
binomialCQITwoChunks-12-20171219-21:41:10-14092;0.000507828
binomialCQITwoChunks-12-20171219-21:41:10-14092;0.000763308
binomialCQITwoChunks-12-20171219-21:41:10-14092;0.000527343
binomialCQITwoChunks-13-20171219-21:41:09-13348;0.000530235
binomialCQITwoChunks-13-20171219-21:41:09-13348;0.001799329
binomialCQITwoChunks-13-20171219-21:41:09-13348;0.000615031
binomialCQITwoChunks-13-20171219-21:41:09-13348;0.001266367
binomialCQITwoChunks-13-20171219-21:41:09-13348;0.000526078
binomialCQITwoChunks-13-20171219-21:41:09-13348;0.002247228
binomialCQITwoChunks-13-20171219-21:41:09-13348;0.000507841
binomialCQITwoChunks-13-20171219-21:41:09-13348;0.000547068
binomialCQITwoChunks-13-20171219-21:41:09-13348;0.001449075
binomialCQITwoChunks-13-20171219-21:41:09-13348;0.000746362
binomialCQITwoChunks-14-20171219-21:41:10-9144;0.000601124
binomialCQITwoChunks-14-20171219-21:41:10-9144;0.000889572
binomialCQITwoChunks-14-20171219-21:41:10-9144;0.002077175
binomialCQITwoChunks-14-20171219-21:41:10-9144;0.001019364
binomialCQITwoChunks-14-20171219-21:41:10-9144;0.000583995
binomialCQITwoChunks-14-20171219-21:41:10-9144;0.000544338
binomialCQITwoChunks-14-20171219-21:41:10-9144;0.00060671
binomialCQITwoChunks-14-20171219-21:41:10-9144;0.0014174
binomialCQITwoChunks-14-20171219-21:41:10-9144;0.001577869
binomialCQITwoChunks-14-20171219-21:41:10-9144;0.001407045
binomialCQITwoChunks-15-20171219-21:41:09-5256;0.000502192
binomialCQITwoChunks-15-20171219-21:41:09-5256;0.001354872
binomialCQITwoChunks-15-20171219-21:41:09-5256;0.000504917
binomialCQITwoChunks-15-20171219-21:41:09-5256;0.000797996
binomialCQITwoChunks-15-20171219-21:41:09-5256;0.000749703
binomialCQITwoChunks-15-20171219-21:41:09-5256;0.002518358
binomialCQITwoChunks-15-20171219-21:41:09-5256;0.00116508
binomialCQITwoChunks-15-20171219-21:41:09-5256;0.001097455
binomialCQITwoChunks-15-20171219-21:41:09-5256;0.000681394
binomialCQITwoChunks-15-20171219-21:41:09-5256;0.000582552
binomialCQITwoChunks-16-20171219-21:41:20-7892;0.000816443
binomialCQITwoChunks-16-20171219-21:41:20-7892;0.000994178
binomialCQITwoChunks-16-20171219-21:41:20-7892;0.003264231
binomialCQITwoChunks-16-20171219-21:41:20-7892;0.000685048
binomialCQITwoChunks-16-20171219-21:41:20-7892;0.000761766
binomialCQITwoChunks-16-20171219-21:41:20-7892;0.000803229
binomialCQITwoChunks-16-20171219-21:41:20-7892;0.001023843
binomialCQITwoChunks-16-20171219-21:41:20-7892;0.000928033
binomialCQITwoChunks-16-20171219-21:41:20-7892;0.001349555
binomialCQITwoChunks-16-20171219-21:41:20-7892;0.000603702
binomialCQITwoChunks-17-20171219-21:41:20-5636;0.000519575
binomialCQITwoChunks-17-20171219-21:41:20-5636;0.003550116
binomialCQITwoChunks-17-20171219-21:41:20-5636;0.000596576
binomialCQITwoChunks-17-20171219-21:41:20-5636;0.001470367
binomialCQITwoChunks-17-20171219-21:41:20-5636;0.000698814
binomialCQITwoChunks-17-20171219-21:41:20-5636;0.000577134
binomialCQITwoChunks-17-20171219-21:41:20-5636;0.000633149
binomialCQITwoChunks-17-20171219-21:41:20-5636;0.000551466
binomialCQITwoChunks-17-20171219-21:41:20-5636;0.001493563
binomialCQITwoChunks-17-20171219-21:41:20-5636;0.000501864
binomialCQITwoChunks-18-20171219-21:41:20-14428;0.000689821
binomialCQITwoChunks-18-20171219-21:41:20-14428;0.000962477
binomialCQITwoChunks-18-20171219-21:41:20-14428;0.000569637
binomialCQITwoChunks-18-20171219-21:41:20-14428;0.003574355
binomialCQITwoChunks-18-20171219-21:41:20-14428;0.000545804
binomialCQITwoChunks-18-20171219-21:41:20-14428;0.001676884
binomialCQITwoChunks-18-20171219-21:41:20-14428;0.000686733
binomialCQITwoChunks-18-20171219-21:41:20-14428;0.000758893
binomialCQITwoChunks-18-20171219-21:41:20-14428;0.000542833
binomialCQITwoChunks-18-20171219-21:41:20-14428;0.000506473
binomialCQITwoChunks-19-20171219-21:41:20-3348;0.000648403
binomialCQITwoChunks-19-20171219-21:41:20-3348;0.00056238
binomialCQITwoChunks-19-20171219-21:41:20-3348;0.00069729
binomialCQITwoChunks-19-20171219-21:41:20-3348;0.000957406
binomialCQITwoChunks-19-20171219-21:41:20-3348;0.000546425
binomialCQITwoChunks-19-20171219-21:41:20-3348;0.000763808
binomialCQITwoChunks-19-20171219-21:41:20-3348;0.001482577
binomialCQITwoChunks-19-20171219-21:41:20-3348;0.000778844
binomialCQITwoChunks-19-20171219-21:41:20-3348;0.000827564
binomialCQITwoChunks-19-20171219-21:41:20-3348;0.003839725
binomialCQITwoChunks-20-20171219-21:41:20-14376;0.002406495
binomialCQITwoChunks-20-20171219-21:41:20-14376;0.001034403
binomialCQITwoChunks-20-20171219-21:41:20-14376;0.001075174
binomialCQITwoChunks-20-20171219-21:41:20-14376;0.000550147
binomialCQITwoChunks-20-20171219-21:41:20-14376;0.000585845
binomialCQITwoChunks-20-20171219-21:41:20-14376;0.00055855
binomialCQITwoChunks-20-20171219-21:41:20-14376;0.000500282
binomialCQITwoChunks-20-20171219-21:41:20-14376;0.001720391
binomialCQITwoChunks-20-20171219-21:41:20-14376;0.000776387
binomialCQITwoChunks-20-20171219-21:41:20-14376;0.000778146
binomialCQITwoChunks-21-20171219-21:41:20-1512;0.000540614
binomialCQITwoChunks-21-20171219-21:41:20-1512;0.000726559
binomialCQITwoChunks-21-20171219-21:41:20-1512;0.00090528
binomialCQITwoChunks-21-20171219-21:41:20-1512;0.000552848
binomialCQITwoChunks-21-20171219-21:41:20-1512;0.000711655
binomialCQITwoChunks-21-20171219-21:41:20-1512;0.000567458
binomialCQITwoChunks-21-20171219-21:41:20-1512;0.002795509
binomialCQITwoChunks-21-20171219-21:41:20-1512;0.001152375
binomialCQITwoChunks-21-20171219-21:41:20-1512;0.002130306
binomialCQITwoChunks-21-20171219-21:41:20-1512;0.000626215
binomialCQITwoChunks-22-20171219-21:41:20-11936;0.000552171
binomialCQITwoChunks-22-20171219-21:41:20-11936;0.001793966
binomialCQITwoChunks-22-20171219-21:41:20-11936;0.001238749
binomialCQITwoChunks-22-20171219-21:41:20-11936;0.001047776
binomialCQITwoChunks-22-20171219-21:41:20-11936;0.001353116
binomialCQITwoChunks-22-20171219-21:41:20-11936;0.000685823
binomialCQITwoChunks-22-20171219-21:41:20-11936;0.000711621
binomialCQITwoChunks-22-20171219-21:41:20-11936;0.001863174
binomialCQITwoChunks-22-20171219-21:41:20-11936;0.000533086
binomialCQITwoChunks-22-20171219-21:41:20-11936;0.000638617
binomialCQITwoChunks-23-20171219-21:41:26-6308;0.000589731
binomialCQITwoChunks-23-20171219-21:41:26-6308;0.003036578
binomialCQITwoChunks-23-20171219-21:41:26-6308;0.000509483
binomialCQITwoChunks-23-20171219-21:41:26-6308;0.001468629
binomialCQITwoChunks-23-20171219-21:41:26-6308;0.000512155
binomialCQITwoChunks-23-20171219-21:41:26-6308;0.000740184
binomialCQITwoChunks-23-20171219-21:41:26-6308;0.000875241
binomialCQITwoChunks-23-20171219-21:41:26-6308;0.000931541
binomialCQITwoChunks-23-20171219-21:41:26-6308;0.00107605
binomialCQITwoChunks-23-20171219-21:41:26-6308;0.000552558
binomialCQITwoChunks-24-20171219-21:41:30-820;0.000742751
binomialCQITwoChunks-24-20171219-21:41:30-820;0.000499746
binomialCQITwoChunks-24-20171219-21:41:30-820;0.003195586
binomialCQITwoChunks-24-20171219-21:41:30-820;0.000529256
binomialCQITwoChunks-24-20171219-21:41:30-820;0.00167211
binomialCQITwoChunks-24-20171219-21:41:30-820;0.000518675
binomialCQITwoChunks-24-20171219-21:41:30-820;0.000816999
binomialCQITwoChunks-24-20171219-21:41:30-820;0.00050788
binomialCQITwoChunks-24-20171219-21:41:30-820;0.001030375
binomialCQITwoChunks-24-20171219-21:41:30-820;0.000584178
binomialCQITwoChunks-25-20171219-21:41:30-11008;0.001345507
binomialCQITwoChunks-25-20171219-21:41:30-11008;0.000508423
binomialCQITwoChunks-25-20171219-21:41:30-11008;0.000557763
binomialCQITwoChunks-25-20171219-21:41:30-11008;0.000522375
binomialCQITwoChunks-25-20171219-21:41:30-11008;0.00117782
binomialCQITwoChunks-25-20171219-21:41:30-11008;0.000515994
binomialCQITwoChunks-25-20171219-21:41:30-11008;0.003817661
binomialCQITwoChunks-25-20171219-21:41:30-11008;0.000532005
binomialCQITwoChunks-25-20171219-21:41:30-11008;0.000794525
binomialCQITwoChunks-25-20171219-21:41:30-11008;0.000501942
binomialCQITwoChunks-26-20171219-21:41:30-2460;0.001723864
binomialCQITwoChunks-26-20171219-21:41:30-2460;0.00099879
binomialCQITwoChunks-26-20171219-21:41:30-2460;0.000606574
binomialCQITwoChunks-26-20171219-21:41:30-2460;0.000839237
binomialCQITwoChunks-26-20171219-21:41:30-2460;0.00352925
binomialCQITwoChunks-26-20171219-21:41:30-2460;0.000577493
binomialCQITwoChunks-26-20171219-21:41:30-2460;0.000693924
binomialCQITwoChunks-26-20171219-21:41:30-2460;0.000568432
binomialCQITwoChunks-26-20171219-21:41:30-2460;0.000720216
binomialCQITwoChunks-26-20171219-21:41:30-2460;0.000596337
binomialCQITwoChunks-27-20171219-21:41:30-13272;0.000500816
binomialCQITwoChunks-27-20171219-21:41:30-13272;0.000847401
binomialCQITwoChunks-27-20171219-21:41:30-13272;0.0005037
binomialCQITwoChunks-27-20171219-21:41:30-13272;0.001377834
binomialCQITwoChunks-27-20171219-21:41:30-13272;0.000884089
binomialCQITwoChunks-27-20171219-21:41:30-13272;0.00130848
binomialCQITwoChunks-27-20171219-21:41:30-13272;0.001071433
binomialCQITwoChunks-27-20171219-21:41:30-13272;0.000652416
binomialCQITwoChunks-27-20171219-21:41:30-13272;0.000500026
binomialCQITwoChunks-27-20171219-21:41:30-13272;0.001891107
binomialCQITwoChunks-28-20171219-21:41:30-13812;0.000840632
binomialCQITwoChunks-28-20171219-21:41:30-13812;0.000548562
binomialCQITwoChunks-28-20171219-21:41:30-13812;0.000780835
binomialCQITwoChunks-28-20171219-21:41:30-13812;0.000571448
binomialCQITwoChunks-28-20171219-21:41:30-13812;0.001574673
binomialCQITwoChunks-28-20171219-21:41:30-13812;0.00088738
binomialCQITwoChunks-28-20171219-21:41:30-13812;0.000576789
binomialCQITwoChunks-28-20171219-21:41:30-13812;0.000643337
binomialCQITwoChunks-28-20171219-21:41:30-13812;0.00368805
binomialCQITwoChunks-28-20171219-21:41:30-13812;0.000531071
binomialCQITwoChunks-29-20171219-21:41:30-12232;0.001206394
binomialCQITwoChunks-29-20171219-21:41:30-12232;0.000501066
binomialCQITwoChunks-29-20171219-21:41:30-12232;0.003756243
binomialCQITwoChunks-29-20171219-21:41:30-12232;0.000534175
binomialCQITwoChunks-29-20171219-21:41:30-12232;0.000831215
binomialCQITwoChunks-29-20171219-21:41:30-12232;0.000721835
binomialCQITwoChunks-29-20171219-21:41:30-12232;0.000541667
binomialCQITwoChunks-29-20171219-21:41:30-12232;0.000710741
binomialCQITwoChunks-29-20171219-21:41:30-12232;0.000502521
binomialCQITwoChunks-29-20171219-21:41:30-12232;0.00085158
binomialCQITwoChunks-30-20171219-21:41:30-13084;0.000544837
binomialCQITwoChunks-30-20171219-21:41:30-13084;0.00130422
binomialCQITwoChunks-30-20171219-21:41:30-13084;0.001165486
binomialCQITwoChunks-30-20171219-21:41:30-13084;0.000714534
binomialCQITwoChunks-30-20171219-21:41:30-13084;0.000670884
binomialCQITwoChunks-30-20171219-21:41:30-13084;0.000826858
binomialCQITwoChunks-30-20171219-21:41:30-13084;0.000542198
binomialCQITwoChunks-30-20171219-21:41:30-13084;0.000505228
binomialCQITwoChunks-30-20171219-21:41:30-13084;0.003834076
binomialCQITwoChunks-30-20171219-21:41:30-13084;0.0005462
binomialCQITwoChunks-31-20171219-21:41:36-14056;0.001357354
binomialCQITwoChunks-31-20171219-21:41:36-14056;0.000567323
binomialCQITwoChunks-31-20171219-21:41:36-14056;0.000561231
binomialCQITwoChunks-31-20171219-21:41:36-14056;0.000509353
binomialCQITwoChunks-31-20171219-21:41:36-14056;0.002257079
binomialCQITwoChunks-31-20171219-21:41:36-14056;0.000504013
binomialCQITwoChunks-31-20171219-21:41:36-14056;0.002386478
binomialCQITwoChunks-31-20171219-21:41:36-14056;0.000498819
binomialCQITwoChunks-31-20171219-21:41:36-14056;0.000946341
binomialCQITwoChunks-31-20171219-21:41:36-14056;0.000540853
binomialCQITwoChunks-32-20171219-21:41:40-13112;0.002362445
binomialCQITwoChunks-32-20171219-21:41:40-13112;0.000773747
binomialCQITwoChunks-32-20171219-21:41:40-13112;0.000631264
binomialCQITwoChunks-32-20171219-21:41:40-13112;0.001011386
binomialCQITwoChunks-32-20171219-21:41:40-13112;0.002495233
binomialCQITwoChunks-32-20171219-21:41:40-13112;0.00059409
binomialCQITwoChunks-32-20171219-21:41:40-13112;0.000643125
binomialCQITwoChunks-32-20171219-21:41:40-13112;0.000566182
binomialCQITwoChunks-32-20171219-21:41:40-13112;0.000859021
binomialCQITwoChunks-32-20171219-21:41:40-13112;0.000499603
binomialCQITwoChunks-33-20171219-21:41:40-3960;0.000640627
binomialCQITwoChunks-33-20171219-21:41:40-3960;0.000630585
binomialCQITwoChunks-33-20171219-21:41:40-3960;0.00064333
binomialCQITwoChunks-33-20171219-21:41:40-3960;0.000594562
binomialCQITwoChunks-33-20171219-21:41:40-3960;0.003709503
binomialCQITwoChunks-33-20171219-21:41:40-3960;0.001044775
binomialCQITwoChunks-33-20171219-21:41:40-3960;0.00098898
binomialCQITwoChunks-33-20171219-21:41:40-3960;0.001015086
binomialCQITwoChunks-33-20171219-21:41:40-3960;0.001092053
binomialCQITwoChunks-33-20171219-21:41:40-3960;0.000969669
binomialCQITwoChunks-34-20171219-21:41:40-3228;0.000711704
binomialCQITwoChunks-34-20171219-21:41:40-3228;0.000545912
binomialCQITwoChunks-34-20171219-21:41:40-3228;0.000687687
binomialCQITwoChunks-34-20171219-21:41:40-3228;0.00051227
binomialCQITwoChunks-34-20171219-21:41:40-3228;0.002158991
binomialCQITwoChunks-34-20171219-21:41:40-3228;0.000509697
binomialCQITwoChunks-34-20171219-21:41:40-3228;0.002628919
binomialCQITwoChunks-34-20171219-21:41:40-3228;0.000500416
binomialCQITwoChunks-34-20171219-21:41:40-3228;0.001171765
binomialCQITwoChunks-34-20171219-21:41:40-3228;0.000808407
binomialCQITwoChunks-35-20171219-21:41:41-3168;0.000586704
binomialCQITwoChunks-35-20171219-21:41:41-3168;0.000609135
binomialCQITwoChunks-35-20171219-21:41:41-3168;0.000534341
binomialCQITwoChunks-35-20171219-21:41:41-3168;0.00071668
binomialCQITwoChunks-35-20171219-21:41:41-3168;0.000582669
binomialCQITwoChunks-35-20171219-21:41:41-3168;0.002094078
binomialCQITwoChunks-35-20171219-21:41:41-3168;0.00139093
binomialCQITwoChunks-35-20171219-21:41:41-3168;0.001399185
binomialCQITwoChunks-35-20171219-21:41:41-3168;0.000956785
binomialCQITwoChunks-35-20171219-21:41:41-3168;0.00157944
binomialCQITwoChunks-36-20171219-21:41:41-4952;0.000673961
binomialCQITwoChunks-36-20171219-21:41:41-4952;0.001056242
binomialCQITwoChunks-36-20171219-21:41:41-4952;0.000564232
binomialCQITwoChunks-36-20171219-21:41:41-4952;0.000609757
binomialCQITwoChunks-36-20171219-21:41:41-4952;0.000564063
binomialCQITwoChunks-36-20171219-21:41:41-4952;0.004278095
binomialCQITwoChunks-36-20171219-21:41:41-4952;0.000642573
binomialCQITwoChunks-36-20171219-21:41:41-4952;0.001761453
binomialCQITwoChunks-36-20171219-21:41:41-4952;0.000555761
binomialCQITwoChunks-36-20171219-21:41:41-4952;0.000569041
binomialCQITwoChunks-37-20171219-21:41:41-7432;0.001018791
binomialCQITwoChunks-37-20171219-21:41:41-7432;0.000541647
binomialCQITwoChunks-37-20171219-21:41:41-7432;0.000724069
binomialCQITwoChunks-37-20171219-21:41:41-7432;0.000737075
binomialCQITwoChunks-37-20171219-21:41:41-7432;0.000502098
binomialCQITwoChunks-37-20171219-21:41:41-7432;0.000956394
binomialCQITwoChunks-37-20171219-21:41:41-7432;0.000498747
binomialCQITwoChunks-37-20171219-21:41:41-7432;0.000765716
binomialCQITwoChunks-37-20171219-21:41:41-7432;0.002974911
binomialCQITwoChunks-37-20171219-21:41:41-7432;0.001090538
binomialCQITwoChunks-38-20171219-21:41:45-10256;0.002679738
binomialCQITwoChunks-38-20171219-21:41:45-10256;0.000723378
binomialCQITwoChunks-38-20171219-21:41:45-10256;0.000566595
binomialCQITwoChunks-38-20171219-21:41:45-10256;0.002092399
binomialCQITwoChunks-38-20171219-21:41:45-10256;0.000545796
binomialCQITwoChunks-38-20171219-21:41:45-10256;0.000579955
binomialCQITwoChunks-38-20171219-21:41:45-10256;0.00052229
binomialCQITwoChunks-38-20171219-21:41:45-10256;0.00145979
binomialCQITwoChunks-38-20171219-21:41:45-10256;0.000611051
binomialCQITwoChunks-38-20171219-21:41:45-10256;0.000506685
binomialCQITwoChunks-39-20171219-21:41:50-1856;0.001864443
binomialCQITwoChunks-39-20171219-21:41:50-1856;0.000567601
binomialCQITwoChunks-39-20171219-21:41:50-1856;0.000516957
binomialCQITwoChunks-39-20171219-21:41:50-1856;0.000671658
binomialCQITwoChunks-39-20171219-21:41:50-1856;0.000577349
binomialCQITwoChunks-39-20171219-21:41:50-1856;0.00374628
binomialCQITwoChunks-39-20171219-21:41:50-1856;0.000824983
binomialCQITwoChunks-39-20171219-21:41:50-1856;0.00085175
binomialCQITwoChunks-39-20171219-21:41:50-1856;0.000747001
binomialCQITwoChunks-39-20171219-21:41:50-1856;0.000652457
binomialCQITwoChunks-40-20171219-21:41:50-8332;0.000666009
binomialCQITwoChunks-40-20171219-21:41:50-8332;0.000853063
binomialCQITwoChunks-40-20171219-21:41:50-8332;0.000595757
binomialCQITwoChunks-40-20171219-21:41:50-8332;0.000600098
binomialCQITwoChunks-40-20171219-21:41:50-8332;0.00135287
binomialCQITwoChunks-40-20171219-21:41:50-8332;0.001104958
binomialCQITwoChunks-40-20171219-21:41:50-8332;0.000957689
binomialCQITwoChunks-40-20171219-21:41:50-8332;0.00071527
binomialCQITwoChunks-40-20171219-21:41:50-8332;0.003227107
binomialCQITwoChunks-40-20171219-21:41:50-8332;0.000525462
binomialCQITwoChunks-41-20171219-21:41:51-3904;0.00094113
binomialCQITwoChunks-41-20171219-21:41:51-3904;0.000631712
binomialCQITwoChunks-41-20171219-21:41:51-3904;0.003015415
binomialCQITwoChunks-41-20171219-21:41:51-3904;0.000585023
binomialCQITwoChunks-41-20171219-21:41:51-3904;0.000597026
binomialCQITwoChunks-41-20171219-21:41:51-3904;0.000550043
binomialCQITwoChunks-41-20171219-21:41:51-3904;0.000788563
binomialCQITwoChunks-41-20171219-21:41:51-3904;0.001098844
binomialCQITwoChunks-41-20171219-21:41:51-3904;0.001758777
binomialCQITwoChunks-41-20171219-21:41:51-3904;0.000868103
binomialCQITwoChunks-42-20171219-21:41:51-2680;0.001995408
binomialCQITwoChunks-42-20171219-21:41:51-2680;0.000855624
binomialCQITwoChunks-42-20171219-21:41:51-2680;0.000721947
binomialCQITwoChunks-42-20171219-21:41:51-2680;0.000686149
binomialCQITwoChunks-42-20171219-21:41:51-2680;0.000838845
binomialCQITwoChunks-42-20171219-21:41:51-2680;0.002079443
binomialCQITwoChunks-42-20171219-21:41:51-2680;0.000502176
binomialCQITwoChunks-42-20171219-21:41:51-2680;0.000967355
binomialCQITwoChunks-42-20171219-21:41:51-2680;0.000529379
binomialCQITwoChunks-42-20171219-21:41:51-2680;0.000743813
binomialCQITwoChunks-43-20171219-21:41:51-4748;0.00061759
binomialCQITwoChunks-43-20171219-21:41:51-4748;0.000518216
binomialCQITwoChunks-43-20171219-21:41:51-4748;0.000849173
binomialCQITwoChunks-43-20171219-21:41:51-4748;0.000499079
binomialCQITwoChunks-43-20171219-21:41:51-4748;0.002182439
binomialCQITwoChunks-43-20171219-21:41:51-4748;0.000900992
binomialCQITwoChunks-43-20171219-21:41:51-4748;0.002337462
binomialCQITwoChunks-43-20171219-21:41:51-4748;0.000508926
binomialCQITwoChunks-43-20171219-21:41:51-4748;0.00061667
binomialCQITwoChunks-43-20171219-21:41:51-4748;0.000704784
binomialCQITwoChunks-44-20171219-21:41:51-11824;0.000981981
binomialCQITwoChunks-44-20171219-21:41:51-11824;0.000505885
binomialCQITwoChunks-44-20171219-21:41:51-11824;0.003628181
binomialCQITwoChunks-44-20171219-21:41:51-11824;0.000688911
binomialCQITwoChunks-44-20171219-21:41:51-11824;0.00055195
binomialCQITwoChunks-44-20171219-21:41:51-11824;0.000597612
binomialCQITwoChunks-44-20171219-21:41:51-11824;0.000593913
binomialCQITwoChunks-44-20171219-21:41:51-11824;0.000755006
binomialCQITwoChunks-44-20171219-21:41:51-11824;0.000500196
binomialCQITwoChunks-44-20171219-21:41:51-11824;0.001432214
binomialCQITwoChunks-45-20171219-21:41:52-14408;0.000579643
binomialCQITwoChunks-45-20171219-21:41:52-14408;0.000717231
binomialCQITwoChunks-45-20171219-21:41:52-14408;0.000506057
binomialCQITwoChunks-45-20171219-21:41:52-14408;0.000552585
binomialCQITwoChunks-45-20171219-21:41:52-14408;0.000631137
binomialCQITwoChunks-45-20171219-21:41:52-14408;0.001395127
binomialCQITwoChunks-45-20171219-21:41:52-14408;0.004159185
binomialCQITwoChunks-45-20171219-21:41:52-14408;0.000531457
binomialCQITwoChunks-45-20171219-21:41:52-14408;0.000928894
binomialCQITwoChunks-45-20171219-21:41:52-14408;0.000774707
binomialCQITwoChunks-46-20171219-21:41:55-7268;0.000510826
binomialCQITwoChunks-46-20171219-21:41:55-7268;0.000655518
binomialCQITwoChunks-46-20171219-21:41:55-7268;0.000932115
binomialCQITwoChunks-46-20171219-21:41:55-7268;0.000509254
binomialCQITwoChunks-46-20171219-21:41:55-7268;0.002593524
binomialCQITwoChunks-46-20171219-21:41:55-7268;0.001000838
binomialCQITwoChunks-46-20171219-21:41:55-7268;0.001675604
binomialCQITwoChunks-46-20171219-21:41:55-7268;0.000607308
binomialCQITwoChunks-46-20171219-21:41:55-7268;0.000854606
binomialCQITwoChunks-46-20171219-21:41:55-7268;0.000553563
binomialCQITwoChunks-47-20171219-21:42:01-11280;0.000586637
binomialCQITwoChunks-47-20171219-21:42:01-11280;0.002900682
binomialCQITwoChunks-47-20171219-21:42:01-11280;0.000531711
binomialCQITwoChunks-47-20171219-21:42:01-11280;0.000619384
binomialCQITwoChunks-47-20171219-21:42:01-11280;0.000717468
binomialCQITwoChunks-47-20171219-21:42:01-11280;0.002597168
binomialCQITwoChunks-47-20171219-21:42:01-11280;0.000765776
binomialCQITwoChunks-47-20171219-21:42:01-11280;0.00077878
binomialCQITwoChunks-47-20171219-21:42:01-11280;0.000504523
binomialCQITwoChunks-47-20171219-21:42:01-11280;0.000671668
binomialCQITwoChunks-48-20171219-21:42:01-4376;0.000641966
binomialCQITwoChunks-48-20171219-21:42:01-4376;0.001892027
binomialCQITwoChunks-48-20171219-21:42:01-4376;0.000568257
binomialCQITwoChunks-48-20171219-21:42:01-4376;0.000692016
binomialCQITwoChunks-48-20171219-21:42:01-4376;0.0011549
binomialCQITwoChunks-48-20171219-21:42:01-4376;0.002914222
binomialCQITwoChunks-48-20171219-21:42:01-4376;0.000506978
binomialCQITwoChunks-48-20171219-21:42:01-4376;0.000854582
binomialCQITwoChunks-48-20171219-21:42:01-4376;0.000759766
binomialCQITwoChunks-48-20171219-21:42:01-4376;0.000694684
binomialCQITwoChunks-49-20171219-21:42:01-15220;0.000655724
binomialCQITwoChunks-49-20171219-21:42:01-15220;0.003178115
binomialCQITwoChunks-49-20171219-21:42:01-15220;0.000605041
binomialCQITwoChunks-49-20171219-21:42:01-15220;0.000578254
binomialCQITwoChunks-49-20171219-21:42:01-15220;0.000504007
binomialCQITwoChunks-49-20171219-21:42:01-15220;0.001825159
binomialCQITwoChunks-49-20171219-21:42:01-15220;0.00055823
binomialCQITwoChunks-49-20171219-21:42:01-15220;0.001199507
binomialCQITwoChunks-49-20171219-21:42:01-15220;0.000513212
binomialCQITwoChunks-49-20171219-21:42:01-15220;0.000787398
binomialCQITwoChunks-50-20171219-21:42:02-14400;0.000851829
binomialCQITwoChunks-50-20171219-21:42:02-14400;0.001862309
binomialCQITwoChunks-50-20171219-21:42:02-14400;0.000633581
binomialCQITwoChunks-50-20171219-21:42:02-14400;0.001897525
binomialCQITwoChunks-50-20171219-21:42:02-14400;0.000519809
binomialCQITwoChunks-50-20171219-21:42:02-14400;0.002012836
binomialCQITwoChunks-50-20171219-21:42:02-14400;0.000516835
binomialCQITwoChunks-50-20171219-21:42:02-14400;0.000745494
binomialCQITwoChunks-50-20171219-21:42:02-14400;0.000569854
binomialCQITwoChunks-50-20171219-21:42:02-14400;0.000501169
binomialCQITwoChunks-51-20171219-21:42:02-11928;0.000510287
binomialCQITwoChunks-51-20171219-21:42:02-11928;0.001600172
binomialCQITwoChunks-51-20171219-21:42:02-11928;0.000549271
binomialCQITwoChunks-51-20171219-21:42:02-11928;0.003549051
binomialCQITwoChunks-51-20171219-21:42:02-11928;0.000859566
binomialCQITwoChunks-51-20171219-21:42:02-11928;0.000790139
binomialCQITwoChunks-51-20171219-21:42:02-11928;0.000586984
binomialCQITwoChunks-51-20171219-21:42:02-11928;0.00054082
binomialCQITwoChunks-51-20171219-21:42:02-11928;0.000592742
binomialCQITwoChunks-51-20171219-21:42:02-11928;0.001021538
binomialCQITwoChunks-52-20171219-21:42:02-13908;0.000584313
binomialCQITwoChunks-52-20171219-21:42:02-13908;0.002890242
binomialCQITwoChunks-52-20171219-21:42:02-13908;0.000522672
binomialCQITwoChunks-52-20171219-21:42:02-13908;0.002165938
binomialCQITwoChunks-52-20171219-21:42:02-13908;0.000853203
binomialCQITwoChunks-52-20171219-21:42:02-13908;0.000574652
binomialCQITwoChunks-52-20171219-21:42:02-13908;0.000582848
binomialCQITwoChunks-52-20171219-21:42:02-13908;0.000790256
binomialCQITwoChunks-52-20171219-21:42:02-13908;0.000868239
binomialCQITwoChunks-52-20171219-21:42:02-13908;0.000504716
binomialCQITwoChunks-53-20171219-21:42:03-14404;0.000660313
binomialCQITwoChunks-53-20171219-21:42:03-14404;0.000975296
binomialCQITwoChunks-53-20171219-21:42:03-14404;0.000856355
binomialCQITwoChunks-53-20171219-21:42:03-14404;0.001665909
binomialCQITwoChunks-53-20171219-21:42:03-14404;0.000501137
binomialCQITwoChunks-53-20171219-21:42:03-14404;0.001145184
binomialCQITwoChunks-53-20171219-21:42:03-14404;0.002371779
binomialCQITwoChunks-53-20171219-21:42:03-14404;0.000695751
binomialCQITwoChunks-53-20171219-21:42:03-14404;0.000688096
binomialCQITwoChunks-53-20171219-21:42:03-14404;0.000521358
binomialCQITwoChunks-54-20171219-21:42:08-8852;0.000836413
binomialCQITwoChunks-54-20171219-21:42:08-8852;0.000522381
binomialCQITwoChunks-54-20171219-21:42:08-8852;0.001988604
binomialCQITwoChunks-54-20171219-21:42:08-8852;0.000578924
binomialCQITwoChunks-54-20171219-21:42:08-8852;0.000646739
binomialCQITwoChunks-54-20171219-21:42:08-8852;0.00060974
binomialCQITwoChunks-54-20171219-21:42:08-8852;0.000808024
binomialCQITwoChunks-54-20171219-21:42:08-8852;0.000976282
binomialCQITwoChunks-54-20171219-21:42:08-8852;0.003056926
binomialCQITwoChunks-54-20171219-21:42:08-8852;0.000620976
binomialCQITwoChunks-55-20171219-21:42:13-15068;0.003693956
binomialCQITwoChunks-55-20171219-21:42:13-15068;0.000534633
binomialCQITwoChunks-55-20171219-21:42:13-15068;0.000839718
binomialCQITwoChunks-55-20171219-21:42:13-15068;0.000690384
binomialCQITwoChunks-55-20171219-21:42:13-15068;0.001974009
binomialCQITwoChunks-55-20171219-21:42:13-15068;0.000511284
binomialCQITwoChunks-55-20171219-21:42:13-15068;0.000750936
binomialCQITwoChunks-55-20171219-21:42:13-15068;0.000579924
binomialCQITwoChunks-55-20171219-21:42:13-15068;0.000540857
binomialCQITwoChunks-55-20171219-21:42:13-15068;0.000526065
binomialCQITwoChunks-56-20171219-21:42:13-12648;0.000764832
binomialCQITwoChunks-56-20171219-21:42:13-12648;0.00074253
binomialCQITwoChunks-56-20171219-21:42:13-12648;0.000529746
binomialCQITwoChunks-56-20171219-21:42:13-12648;0.002082436
binomialCQITwoChunks-56-20171219-21:42:13-12648;0.000728943
binomialCQITwoChunks-56-20171219-21:42:13-12648;0.000687222
binomialCQITwoChunks-56-20171219-21:42:13-12648;0.000535852
binomialCQITwoChunks-56-20171219-21:42:13-12648;0.003089009
binomialCQITwoChunks-56-20171219-21:42:13-12648;0.000715102
binomialCQITwoChunks-56-20171219-21:42:13-12648;0.0005279
binomialCQITwoChunks-57-20171219-21:42:14-11076;0.000824326
binomialCQITwoChunks-57-20171219-21:42:14-11076;0.001513431
binomialCQITwoChunks-57-20171219-21:42:14-11076;0.000502585
binomialCQITwoChunks-57-20171219-21:42:14-11076;0.001081432
binomialCQITwoChunks-57-20171219-21:42:14-11076;0.000555427
binomialCQITwoChunks-57-20171219-21:42:14-11076;0.000716293
binomialCQITwoChunks-57-20171219-21:42:14-11076;0.00139565
binomialCQITwoChunks-57-20171219-21:42:14-11076;0.000758887
binomialCQITwoChunks-57-20171219-21:42:14-11076;0.000824221
binomialCQITwoChunks-57-20171219-21:42:14-11076;0.001952903
binomialCQITwoChunks-58-20171219-21:42:15-14968;0.000609247
binomialCQITwoChunks-58-20171219-21:42:15-14968;0.000542076
binomialCQITwoChunks-58-20171219-21:42:15-14968;0.000634614
binomialCQITwoChunks-58-20171219-21:42:15-14968;0.000529301
binomialCQITwoChunks-58-20171219-21:42:15-14968;0.003231415
binomialCQITwoChunks-58-20171219-21:42:15-14968;0.000562663
binomialCQITwoChunks-58-20171219-21:42:15-14968;0.000985509
binomialCQITwoChunks-58-20171219-21:42:15-14968;0.000539995
binomialCQITwoChunks-58-20171219-21:42:15-14968;0.001786894
binomialCQITwoChunks-58-20171219-21:42:15-14968;0.001002631
binomialCQITwoChunks-59-20171219-21:42:15-3160;0.000514559
binomialCQITwoChunks-59-20171219-21:42:15-3160;0.000689198
binomialCQITwoChunks-59-20171219-21:42:15-3160;0.000499776
binomialCQITwoChunks-59-20171219-21:42:15-3160;0.000748156
binomialCQITwoChunks-59-20171219-21:42:15-3160;0.000613633
binomialCQITwoChunks-59-20171219-21:42:15-3160;0.001173333
binomialCQITwoChunks-59-20171219-21:42:15-3160;0.000508119
binomialCQITwoChunks-59-20171219-21:42:15-3160;0.003524396
binomialCQITwoChunks-59-20171219-21:42:15-3160;0.000500237
binomialCQITwoChunks-59-20171219-21:42:15-3160;0.001298728
binomialCQITwoChunks-60-20171219-21:42:17-10648;0.000689963
binomialCQITwoChunks-60-20171219-21:42:17-10648;0.000697608
binomialCQITwoChunks-60-20171219-21:42:17-10648;0.001931489
binomialCQITwoChunks-60-20171219-21:42:17-10648;0.000510241
binomialCQITwoChunks-60-20171219-21:42:17-10648;0.000549793
binomialCQITwoChunks-60-20171219-21:42:17-10648;0.0010032
binomialCQITwoChunks-60-20171219-21:42:17-10648;0.000916164
binomialCQITwoChunks-60-20171219-21:42:17-10648;0.000499362
binomialCQITwoChunks-60-20171219-21:42:17-10648;0.002556296
binomialCQITwoChunks-60-20171219-21:42:17-10648;0.000675177
binomialCQITwoChunks-61-20171219-21:42:17-7148;0.001372911
binomialCQITwoChunks-61-20171219-21:42:17-7148;0.000511606
binomialCQITwoChunks-61-20171219-21:42:17-7148;0.003220501
binomialCQITwoChunks-61-20171219-21:42:17-7148;0.000630316
binomialCQITwoChunks-61-20171219-21:42:17-7148;0.001399156
binomialCQITwoChunks-61-20171219-21:42:17-7148;0.000550075
binomialCQITwoChunks-61-20171219-21:42:17-7148;0.000805056
binomialCQITwoChunks-61-20171219-21:42:17-7148;0.000788148
binomialCQITwoChunks-61-20171219-21:42:17-7148;0.000540594
binomialCQITwoChunks-61-20171219-21:42:17-7148;0.000554828
binomialCQITwoChunks-62-20171219-21:42:21-9396;0.000821973
binomialCQITwoChunks-62-20171219-21:42:21-9396;0.000915441
binomialCQITwoChunks-62-20171219-21:42:21-9396;0.001988103
binomialCQITwoChunks-62-20171219-21:42:21-9396;0.000658974
binomialCQITwoChunks-62-20171219-21:42:21-9396;0.001045882
binomialCQITwoChunks-62-20171219-21:42:21-9396;0.000512321
binomialCQITwoChunks-62-20171219-21:42:21-9396;0.002644112
binomialCQITwoChunks-62-20171219-21:42:21-9396;0.000547738
binomialCQITwoChunks-62-20171219-21:42:21-9396;0.000622041
binomialCQITwoChunks-62-20171219-21:42:21-9396;0.00074767
binomialCQITwoChunks-63-20171219-21:42:25-12768;0.000567968
binomialCQITwoChunks-63-20171219-21:42:25-12768;0.000682968
binomialCQITwoChunks-63-20171219-21:42:25-12768;0.000764687
binomialCQITwoChunks-63-20171219-21:42:25-12768;0.000695822
binomialCQITwoChunks-63-20171219-21:42:25-12768;0.0030379
binomialCQITwoChunks-63-20171219-21:42:25-12768;0.000508888
binomialCQITwoChunks-63-20171219-21:42:25-12768;0.000580115
binomialCQITwoChunks-63-20171219-21:42:25-12768;0.00103417
binomialCQITwoChunks-63-20171219-21:42:25-12768;0.000733897
binomialCQITwoChunks-63-20171219-21:42:25-12768;0.001913072
binomialCQITwoChunks-64-20171219-21:42:26-4464;0.0005218
binomialCQITwoChunks-64-20171219-21:42:26-4464;0.002857781
binomialCQITwoChunks-64-20171219-21:42:26-4464;0.000959264
binomialCQITwoChunks-64-20171219-21:42:26-4464;0.001661677
binomialCQITwoChunks-64-20171219-21:42:26-4464;0.000565273
binomialCQITwoChunks-64-20171219-21:42:26-4464;0.000733843
binomialCQITwoChunks-64-20171219-21:42:26-4464;0.00050153
binomialCQITwoChunks-64-20171219-21:42:26-4464;0.000720603
binomialCQITwoChunks-64-20171219-21:42:26-4464;0.001028378
binomialCQITwoChunks-64-20171219-21:42:26-4464;0.000633544
binomialCQITwoChunks-65-20171219-21:42:27-10004;0.000913535
binomialCQITwoChunks-65-20171219-21:42:27-10004;0.000502403
binomialCQITwoChunks-65-20171219-21:42:27-10004;0.00078163
binomialCQITwoChunks-65-20171219-21:42:27-10004;0.000867724
binomialCQITwoChunks-65-20171219-21:42:27-10004;0.001437927
binomialCQITwoChunks-65-20171219-21:42:27-10004;0.000750089
binomialCQITwoChunks-65-20171219-21:42:27-10004;0.002134127
binomialCQITwoChunks-65-20171219-21:42:27-10004;0.000500492
binomialCQITwoChunks-65-20171219-21:42:27-10004;0.000514279
binomialCQITwoChunks-65-20171219-21:42:27-10004;0.001478828
binomialCQITwoChunks-66-20171219-21:42:27-15296;0.000556645
binomialCQITwoChunks-66-20171219-21:42:27-15296;0.004238727
binomialCQITwoChunks-66-20171219-21:42:27-15296;0.000574618
binomialCQITwoChunks-66-20171219-21:42:27-15296;0.000595616
binomialCQITwoChunks-66-20171219-21:42:27-15296;0.000658668
binomialCQITwoChunks-66-20171219-21:42:27-15296;0.000777609
binomialCQITwoChunks-66-20171219-21:42:27-15296;0.000679012
binomialCQITwoChunks-66-20171219-21:42:27-15296;0.000719975
binomialCQITwoChunks-66-20171219-21:42:27-15296;0.000710456
binomialCQITwoChunks-66-20171219-21:42:27-15296;0.001583976
binomialCQITwoChunks-67-20171219-21:42:28-9152;0.000808298
binomialCQITwoChunks-67-20171219-21:42:28-9152;0.000570394
binomialCQITwoChunks-67-20171219-21:42:28-9152;0.001131029
binomialCQITwoChunks-67-20171219-21:42:28-9152;0.001475524
binomialCQITwoChunks-67-20171219-21:42:28-9152;0.001028417
binomialCQITwoChunks-67-20171219-21:42:28-9152;0.000668728
binomialCQITwoChunks-67-20171219-21:42:28-9152;0.001441879
binomialCQITwoChunks-67-20171219-21:42:28-9152;0.001734411
binomialCQITwoChunks-67-20171219-21:42:28-9152;0.001101535
binomialCQITwoChunks-67-20171219-21:42:28-9152;0.001158855
binomialCQITwoChunks-68-20171219-21:42:28-380;0.000567978
binomialCQITwoChunks-68-20171219-21:42:28-380;0.001692924
binomialCQITwoChunks-68-20171219-21:42:28-380;0.000505496
binomialCQITwoChunks-68-20171219-21:42:28-380;0.001736447
binomialCQITwoChunks-68-20171219-21:42:28-380;0.000530862
binomialCQITwoChunks-68-20171219-21:42:28-380;0.001034965
binomialCQITwoChunks-68-20171219-21:42:28-380;0.000578756
binomialCQITwoChunks-68-20171219-21:42:28-380;0.002177962
binomialCQITwoChunks-68-20171219-21:42:28-380;0.000635138
binomialCQITwoChunks-68-20171219-21:42:28-380;0.000659564
binomialCQITwoChunks-69-20171219-21:42:29-8352;0.00286642
binomialCQITwoChunks-69-20171219-21:42:29-8352;0.00050137
binomialCQITwoChunks-69-20171219-21:42:29-8352;0.000888891
binomialCQITwoChunks-69-20171219-21:42:29-8352;0.000501576
binomialCQITwoChunks-69-20171219-21:42:29-8352;0.000651277
binomialCQITwoChunks-69-20171219-21:42:29-8352;0.001566519
binomialCQITwoChunks-69-20171219-21:42:29-8352;0.000504486
binomialCQITwoChunks-69-20171219-21:42:29-8352;0.001362726
binomialCQITwoChunks-69-20171219-21:42:29-8352;0.000523306
binomialCQITwoChunks-69-20171219-21:42:29-8352;0.000527971
binomialCQITwoChunks-70-20171219-21:42:32-6576;0.002126184
binomialCQITwoChunks-70-20171219-21:42:32-6576;0.000509198
binomialCQITwoChunks-70-20171219-21:42:32-6576;0.002289948
binomialCQITwoChunks-70-20171219-21:42:32-6576;0.000745636
binomialCQITwoChunks-70-20171219-21:42:32-6576;0.001736517
binomialCQITwoChunks-70-20171219-21:42:32-6576;0.000564272
binomialCQITwoChunks-70-20171219-21:42:32-6576;0.000645542
binomialCQITwoChunks-70-20171219-21:42:32-6576;0.000588738
binomialCQITwoChunks-70-20171219-21:42:32-6576;0.000835502
binomialCQITwoChunks-70-20171219-21:42:32-6576;0.000572576
binomialCQITwoChunks-71-20171219-21:42:37-12956;0.000718188
binomialCQITwoChunks-71-20171219-21:42:37-12956;0.000532024
binomialCQITwoChunks-71-20171219-21:42:37-12956;0.002394921
binomialCQITwoChunks-71-20171219-21:42:37-12956;0.000576608
binomialCQITwoChunks-71-20171219-21:42:37-12956;0.001896302
binomialCQITwoChunks-71-20171219-21:42:37-12956;0.001197792
binomialCQITwoChunks-71-20171219-21:42:37-12956;0.000666179
binomialCQITwoChunks-71-20171219-21:42:37-12956;0.000954353
binomialCQITwoChunks-71-20171219-21:42:37-12956;0.00078883
binomialCQITwoChunks-71-20171219-21:42:37-12956;0.000551724
binomialCQITwoChunks-72-20171219-21:42:37-2320;0.000674234
binomialCQITwoChunks-72-20171219-21:42:37-2320;0.000508539
binomialCQITwoChunks-72-20171219-21:42:37-2320;0.001649729
binomialCQITwoChunks-72-20171219-21:42:37-2320;0.00052382
binomialCQITwoChunks-72-20171219-21:42:37-2320;0.003390926
binomialCQITwoChunks-72-20171219-21:42:37-2320;0.000518681
binomialCQITwoChunks-72-20171219-21:42:37-2320;0.000559246
binomialCQITwoChunks-72-20171219-21:42:37-2320;0.000535307
binomialCQITwoChunks-72-20171219-21:42:37-2320;0.001285327
binomialCQITwoChunks-72-20171219-21:42:37-2320;0.00068209
binomialCQITwoChunks-73-20171219-21:42:38-1276;0.000798379
binomialCQITwoChunks-73-20171219-21:42:38-1276;0.001633121
binomialCQITwoChunks-73-20171219-21:42:38-1276;0.000564297
binomialCQITwoChunks-73-20171219-21:42:38-1276;0.0034514
binomialCQITwoChunks-73-20171219-21:42:38-1276;0.000696273
binomialCQITwoChunks-73-20171219-21:42:38-1276;0.000718655
binomialCQITwoChunks-73-20171219-21:42:38-1276;0.001123887
binomialCQITwoChunks-73-20171219-21:42:38-1276;0.000547446
binomialCQITwoChunks-73-20171219-21:42:38-1276;0.000804505
binomialCQITwoChunks-73-20171219-21:42:38-1276;0.000612864
binomialCQITwoChunks-74-20171219-21:42:39-3348;0.000687948
binomialCQITwoChunks-74-20171219-21:42:39-3348;0.00053727
binomialCQITwoChunks-74-20171219-21:42:39-3348;0.000764597
binomialCQITwoChunks-74-20171219-21:42:39-3348;0.003821173
binomialCQITwoChunks-74-20171219-21:42:39-3348;0.000520556
binomialCQITwoChunks-74-20171219-21:42:39-3348;0.000564502
binomialCQITwoChunks-74-20171219-21:42:39-3348;0.000519728
binomialCQITwoChunks-74-20171219-21:42:39-3348;0.001510082
binomialCQITwoChunks-74-20171219-21:42:39-3348;0.000564775
binomialCQITwoChunks-74-20171219-21:42:39-3348;0.00111116
binomialCQITwoChunks-75-20171219-21:42:39-10308;0.000526562
binomialCQITwoChunks-75-20171219-21:42:39-10308;0.001054466
binomialCQITwoChunks-75-20171219-21:42:39-10308;0.000668665
binomialCQITwoChunks-75-20171219-21:42:39-10308;0.002249896
binomialCQITwoChunks-75-20171219-21:42:39-10308;0.000509039
binomialCQITwoChunks-75-20171219-21:42:39-10308;0.000570153
binomialCQITwoChunks-75-20171219-21:42:39-10308;0.000510116
binomialCQITwoChunks-75-20171219-21:42:39-10308;0.002730077
binomialCQITwoChunks-75-20171219-21:42:39-10308;0.000703757
binomialCQITwoChunks-75-20171219-21:42:39-10308;0.000748191
binomialCQITwoChunks-76-20171219-21:42:40-2688;0.000681696
binomialCQITwoChunks-76-20171219-21:42:40-2688;0.000845261
binomialCQITwoChunks-76-20171219-21:42:40-2688;0.000612629
binomialCQITwoChunks-76-20171219-21:42:40-2688;0.002884829
binomialCQITwoChunks-76-20171219-21:42:40-2688;0.001066396
binomialCQITwoChunks-76-20171219-21:42:40-2688;0.000647695
binomialCQITwoChunks-76-20171219-21:42:40-2688;0.00064704
binomialCQITwoChunks-76-20171219-21:42:40-2688;0.000598556
binomialCQITwoChunks-76-20171219-21:42:40-2688;0.000524645
binomialCQITwoChunks-76-20171219-21:42:40-2688;0.002070776
binomialCQITwoChunks-77-20171219-21:42:41-6584;0.001262694
binomialCQITwoChunks-77-20171219-21:42:41-6584;0.000813149
binomialCQITwoChunks-77-20171219-21:42:41-6584;0.00058068
binomialCQITwoChunks-77-20171219-21:42:41-6584;0.002672873
binomialCQITwoChunks-77-20171219-21:42:41-6584;0.000568987
binomialCQITwoChunks-77-20171219-21:42:41-6584;0.000553434
binomialCQITwoChunks-77-20171219-21:42:41-6584;0.000897267
binomialCQITwoChunks-77-20171219-21:42:41-6584;0.000900163
binomialCQITwoChunks-77-20171219-21:42:41-6584;0.000535488
binomialCQITwoChunks-77-20171219-21:42:41-6584;0.00151508
binomialCQITwoChunks-78-20171219-21:42:44-14776;0.000627045
binomialCQITwoChunks-78-20171219-21:42:44-14776;0.000884567
binomialCQITwoChunks-78-20171219-21:42:44-14776;0.000569247
binomialCQITwoChunks-78-20171219-21:42:44-14776;0.000502253
binomialCQITwoChunks-78-20171219-21:42:44-14776;0.002918653
binomialCQITwoChunks-78-20171219-21:42:44-14776;0.0005102
binomialCQITwoChunks-78-20171219-21:42:44-14776;0.000950182
binomialCQITwoChunks-78-20171219-21:42:44-14776;0.000503785
binomialCQITwoChunks-78-20171219-21:42:44-14776;0.002160611
binomialCQITwoChunks-78-20171219-21:42:44-14776;0.000540823
binomialCQITwoChunks-79-20171219-21:42:48-11852;0.000756127
binomialCQITwoChunks-79-20171219-21:42:48-11852;0.000565769
binomialCQITwoChunks-79-20171219-21:42:48-11852;0.004059209
binomialCQITwoChunks-79-20171219-21:42:48-11852;0.000643254
binomialCQITwoChunks-79-20171219-21:42:48-11852;0.000681532
binomialCQITwoChunks-79-20171219-21:42:48-11852;0.001932606
binomialCQITwoChunks-79-20171219-21:42:48-11852;0.000666088
binomialCQITwoChunks-79-20171219-21:42:48-11852;0.000648139
binomialCQITwoChunks-79-20171219-21:42:48-11852;0.000589
binomialCQITwoChunks-79-20171219-21:42:48-11852;0.000774569
binomialCQITwoChunks-80-20171219-21:42:48-3428;0.00115324
binomialCQITwoChunks-80-20171219-21:42:48-3428;0.000512349
binomialCQITwoChunks-80-20171219-21:42:48-3428;0.003157935
binomialCQITwoChunks-80-20171219-21:42:48-3428;0.000531704
binomialCQITwoChunks-80-20171219-21:42:48-3428;0.000585495
binomialCQITwoChunks-80-20171219-21:42:48-3428;0.00080133
binomialCQITwoChunks-80-20171219-21:42:48-3428;0.000657506
binomialCQITwoChunks-80-20171219-21:42:48-3428;0.001492461
binomialCQITwoChunks-80-20171219-21:42:48-3428;0.000770574
binomialCQITwoChunks-80-20171219-21:42:48-3428;0.000518524
binomialCQITwoChunks-81-20171219-21:42:51-8700;0.000999247
binomialCQITwoChunks-81-20171219-21:42:51-8700;0.000606984
binomialCQITwoChunks-81-20171219-21:42:51-8700;0.001949775
binomialCQITwoChunks-81-20171219-21:42:51-8700;0.001089587
binomialCQITwoChunks-81-20171219-21:42:51-8700;0.000524606
binomialCQITwoChunks-81-20171219-21:42:51-8700;0.000571307
binomialCQITwoChunks-81-20171219-21:42:51-8700;0.000652955
binomialCQITwoChunks-81-20171219-21:42:51-8700;0.000727535
binomialCQITwoChunks-81-20171219-21:42:51-8700;0.000590508
binomialCQITwoChunks-81-20171219-21:42:51-8700;0.002808023
binomialCQITwoChunks-82-20171219-21:42:51-4780;0.000822942
binomialCQITwoChunks-82-20171219-21:42:51-4780;0.000647495
binomialCQITwoChunks-82-20171219-21:42:51-4780;0.00140396
binomialCQITwoChunks-82-20171219-21:42:51-4780;0.001192103
binomialCQITwoChunks-82-20171219-21:42:51-4780;0.002574362
binomialCQITwoChunks-82-20171219-21:42:51-4780;0.000730603
binomialCQITwoChunks-82-20171219-21:42:51-4780;0.000890427
binomialCQITwoChunks-82-20171219-21:42:51-4780;0.000501971
binomialCQITwoChunks-82-20171219-21:42:51-4780;0.000925688
binomialCQITwoChunks-82-20171219-21:42:51-4780;0.000538778
binomialCQITwoChunks-83-20171219-21:42:51-2180;0.001132042
binomialCQITwoChunks-83-20171219-21:42:51-2180;0.000546957
binomialCQITwoChunks-83-20171219-21:42:51-2180;0.001087979
binomialCQITwoChunks-83-20171219-21:42:51-2180;0.001034441
binomialCQITwoChunks-83-20171219-21:42:51-2180;0.001139393
binomialCQITwoChunks-83-20171219-21:42:51-2180;0.000562491
binomialCQITwoChunks-83-20171219-21:42:51-2180;0.002044135
binomialCQITwoChunks-83-20171219-21:42:51-2180;0.001001937
binomialCQITwoChunks-83-20171219-21:42:51-2180;0.001052166
binomialCQITwoChunks-83-20171219-21:42:51-2180;0.000562222
binomialCQITwoChunks-84-20171219-21:42:51-12548;0.000612662
binomialCQITwoChunks-84-20171219-21:42:51-12548;0.000772672
binomialCQITwoChunks-84-20171219-21:42:51-12548;0.001449817
binomialCQITwoChunks-84-20171219-21:42:51-12548;0.000545504
binomialCQITwoChunks-84-20171219-21:42:51-12548;0.002422051
binomialCQITwoChunks-84-20171219-21:42:51-12548;0.000665438
binomialCQITwoChunks-84-20171219-21:42:51-12548;0.000508299
binomialCQITwoChunks-84-20171219-21:42:51-12548;0.002249886
binomialCQITwoChunks-84-20171219-21:42:51-12548;0.00050404
binomialCQITwoChunks-84-20171219-21:42:51-12548;0.000546251
binomialCQITwoChunks-85-20171219-21:42:52-2588;0.000589077
binomialCQITwoChunks-85-20171219-21:42:52-2588;0.000509699
binomialCQITwoChunks-85-20171219-21:42:52-2588;0.002170293
binomialCQITwoChunks-85-20171219-21:42:52-2588;0.000521458
binomialCQITwoChunks-85-20171219-21:42:52-2588;0.001227938
binomialCQITwoChunks-85-20171219-21:42:52-2588;0.000637728
binomialCQITwoChunks-85-20171219-21:42:52-2588;0.002954738
binomialCQITwoChunks-85-20171219-21:42:52-2588;0.000539792
binomialCQITwoChunks-85-20171219-21:42:52-2588;0.00064562
binomialCQITwoChunks-85-20171219-21:42:52-2588;0.00054578
binomialCQITwoChunks-86-20171219-21:42:56-3592;0.00115583
binomialCQITwoChunks-86-20171219-21:42:56-3592;0.001335335
binomialCQITwoChunks-86-20171219-21:42:56-3592;0.001547588
binomialCQITwoChunks-86-20171219-21:42:56-3592;0.001317998
binomialCQITwoChunks-86-20171219-21:42:56-3592;0.000602821
binomialCQITwoChunks-86-20171219-21:42:56-3592;0.000759148
binomialCQITwoChunks-86-20171219-21:42:56-3592;0.001673111
binomialCQITwoChunks-86-20171219-21:42:56-3592;0.000593859
binomialCQITwoChunks-86-20171219-21:42:56-3592;0.000874303
binomialCQITwoChunks-86-20171219-21:42:56-3592;0.001152004
binomialCQITwoChunks-87-20171219-21:43:02-11724;0.001032935
binomialCQITwoChunks-87-20171219-21:43:02-11724;0.00087833
binomialCQITwoChunks-87-20171219-21:43:02-11724;0.001292904
binomialCQITwoChunks-87-20171219-21:43:02-11724;0.000761078
binomialCQITwoChunks-87-20171219-21:43:02-11724;0.001375849
binomialCQITwoChunks-87-20171219-21:43:02-11724;0.000502604
binomialCQITwoChunks-87-20171219-21:43:02-11724;0.002640772
binomialCQITwoChunks-87-20171219-21:43:02-11724;0.000556622
binomialCQITwoChunks-87-20171219-21:43:02-11724;0.000946107
binomialCQITwoChunks-87-20171219-21:43:02-11724;0.000611253
binomialCQITwoChunks-88-20171219-21:43:02-9776;0.003021686
binomialCQITwoChunks-88-20171219-21:43:02-9776;0.000591941
binomialCQITwoChunks-88-20171219-21:43:02-9776;0.001342765
binomialCQITwoChunks-88-20171219-21:43:02-9776;0.000512973
binomialCQITwoChunks-88-20171219-21:43:02-9776;0.001217778
binomialCQITwoChunks-88-20171219-21:43:02-9776;0.000498221
binomialCQITwoChunks-88-20171219-21:43:02-9776;0.001154345
binomialCQITwoChunks-88-20171219-21:43:02-9776;0.000524849
binomialCQITwoChunks-88-20171219-21:43:02-9776;0.000609491
binomialCQITwoChunks-88-20171219-21:43:02-9776;0.00050514
binomialCQITwoChunks-89-20171219-21:43:03-13500;0.000630121
binomialCQITwoChunks-89-20171219-21:43:03-13500;0.000575561
binomialCQITwoChunks-89-20171219-21:43:03-13500;0.003492503
binomialCQITwoChunks-89-20171219-21:43:03-13500;0.000583141
binomialCQITwoChunks-89-20171219-21:43:03-13500;0.0022054
binomialCQITwoChunks-89-20171219-21:43:03-13500;0.00070594
binomialCQITwoChunks-89-20171219-21:43:03-13500;0.000928154
binomialCQITwoChunks-89-20171219-21:43:03-13500;0.00051794
binomialCQITwoChunks-89-20171219-21:43:03-13500;0.00058195
binomialCQITwoChunks-89-20171219-21:43:03-13500;0.000531629
binomialCQITwoChunks-90-20171219-21:43:04-10932;0.001307364
binomialCQITwoChunks-90-20171219-21:43:04-10932;0.000816244
binomialCQITwoChunks-90-20171219-21:43:04-10932;0.000955604
binomialCQITwoChunks-90-20171219-21:43:04-10932;0.000524196
binomialCQITwoChunks-90-20171219-21:43:04-10932;0.004275382
binomialCQITwoChunks-90-20171219-21:43:04-10932;0.000821786
binomialCQITwoChunks-90-20171219-21:43:04-10932;0.000579255
binomialCQITwoChunks-90-20171219-21:43:04-10932;0.000656904
binomialCQITwoChunks-90-20171219-21:43:04-10932;0.000634768
binomialCQITwoChunks-90-20171219-21:43:04-10932;0.000518385
binomialCQITwoChunks-91-20171219-21:43:05-7224;0.000589225
binomialCQITwoChunks-91-20171219-21:43:05-7224;0.00250547
binomialCQITwoChunks-91-20171219-21:43:05-7224;0.000893125
binomialCQITwoChunks-91-20171219-21:43:05-7224;0.000947713
binomialCQITwoChunks-91-20171219-21:43:05-7224;0.000527535
binomialCQITwoChunks-91-20171219-21:43:05-7224;0.000519056
binomialCQITwoChunks-91-20171219-21:43:05-7224;0.000603867
binomialCQITwoChunks-91-20171219-21:43:05-7224;0.000803615
binomialCQITwoChunks-91-20171219-21:43:05-7224;0.002516267
binomialCQITwoChunks-91-20171219-21:43:05-7224;0.000581685
binomialCQITwoChunks-92-20171219-21:43:05-13116;0.000612523
binomialCQITwoChunks-92-20171219-21:43:05-13116;0.001048813
binomialCQITwoChunks-92-20171219-21:43:05-13116;0.00050013
binomialCQITwoChunks-92-20171219-21:43:05-13116;0.000808715
binomialCQITwoChunks-92-20171219-21:43:05-13116;0.000559833
binomialCQITwoChunks-92-20171219-21:43:05-13116;0.000670336
binomialCQITwoChunks-92-20171219-21:43:05-13116;0.00072244
binomialCQITwoChunks-92-20171219-21:43:05-13116;0.002268078
binomialCQITwoChunks-92-20171219-21:43:05-13116;0.000504771
binomialCQITwoChunks-92-20171219-21:43:05-13116;0.002655622
binomialCQITwoChunks-93-20171219-21:43:07-8212;0.000514793
binomialCQITwoChunks-93-20171219-21:43:07-8212;0.003060276
binomialCQITwoChunks-93-20171219-21:43:07-8212;0.000564751
binomialCQITwoChunks-93-20171219-21:43:07-8212;0.000696884
binomialCQITwoChunks-93-20171219-21:43:07-8212;0.00128284
binomialCQITwoChunks-93-20171219-21:43:07-8212;0.000821572
binomialCQITwoChunks-93-20171219-21:43:07-8212;0.000711974
binomialCQITwoChunks-93-20171219-21:43:07-8212;0.000588224
binomialCQITwoChunks-93-20171219-21:43:07-8212;0.000975497
binomialCQITwoChunks-93-20171219-21:43:07-8212;0.001220467
binomialCQITwoChunks-94-20171219-21:43:09-6956;0.001634345
binomialCQITwoChunks-94-20171219-21:43:09-6956;0.00099591
binomialCQITwoChunks-94-20171219-21:43:09-6956;0.001594315
binomialCQITwoChunks-94-20171219-21:43:09-6956;0.000901176
binomialCQITwoChunks-94-20171219-21:43:09-6956;0.000505592
binomialCQITwoChunks-94-20171219-21:43:09-6956;0.000541534
binomialCQITwoChunks-94-20171219-21:43:09-6956;0.000734204
binomialCQITwoChunks-94-20171219-21:43:09-6956;0.001463576
binomialCQITwoChunks-94-20171219-21:43:09-6956;0.000703913
binomialCQITwoChunks-94-20171219-21:43:09-6956;0.001464265
binomialCQITwoChunks-95-20171219-21:43:14-10940;0.003811975
binomialCQITwoChunks-95-20171219-21:43:14-10940;0.000554954
binomialCQITwoChunks-95-20171219-21:43:14-10940;0.000618307
binomialCQITwoChunks-95-20171219-21:43:14-10940;0.000505603
binomialCQITwoChunks-95-20171219-21:43:14-10940;0.001085487
binomialCQITwoChunks-95-20171219-21:43:14-10940;0.000639087
binomialCQITwoChunks-95-20171219-21:43:14-10940;0.0006107
binomialCQITwoChunks-95-20171219-21:43:14-10940;0.001908871
binomialCQITwoChunks-95-20171219-21:43:14-10940;0.000608075
binomialCQITwoChunks-95-20171219-21:43:14-10940;0.000578677
binomialCQITwoChunks-96-20171219-21:43:14-9068;0.000801543
binomialCQITwoChunks-96-20171219-21:43:14-9068;0.000982013
binomialCQITwoChunks-96-20171219-21:43:14-9068;0.000567361
binomialCQITwoChunks-96-20171219-21:43:14-9068;0.003730741
binomialCQITwoChunks-96-20171219-21:43:14-9068;0.000643455
binomialCQITwoChunks-96-20171219-21:43:14-9068;0.000551518
binomialCQITwoChunks-96-20171219-21:43:14-9068;0.000597102
binomialCQITwoChunks-96-20171219-21:43:14-9068;0.000624999
binomialCQITwoChunks-96-20171219-21:43:14-9068;0.000806272
binomialCQITwoChunks-96-20171219-21:43:14-9068;0.001406409
binomialCQITwoChunks-97-20171219-21:43:15-3484;0.000747869
binomialCQITwoChunks-97-20171219-21:43:15-3484;0.000600557
binomialCQITwoChunks-97-20171219-21:43:15-3484;0.000762479
binomialCQITwoChunks-97-20171219-21:43:15-3484;0.000628851
binomialCQITwoChunks-97-20171219-21:43:15-3484;0.000557007
binomialCQITwoChunks-97-20171219-21:43:15-3484;0.000707208
binomialCQITwoChunks-97-20171219-21:43:15-3484;0.002613922
binomialCQITwoChunks-97-20171219-21:43:15-3484;0.000527783
binomialCQITwoChunks-97-20171219-21:43:15-3484;0.003157837
binomialCQITwoChunks-97-20171219-21:43:15-3484;0.000780749
binomialCQITwoChunks-98-20171219-21:43:16-13412;0.000635368
binomialCQITwoChunks-98-20171219-21:43:16-13412;0.000572914
binomialCQITwoChunks-98-20171219-21:43:16-13412;0.000542669
binomialCQITwoChunks-98-20171219-21:43:16-13412;0.000521582
binomialCQITwoChunks-98-20171219-21:43:16-13412;0.00262623
binomialCQITwoChunks-98-20171219-21:43:16-13412;0.00186168
binomialCQITwoChunks-98-20171219-21:43:16-13412;0.000540967
binomialCQITwoChunks-98-20171219-21:43:16-13412;0.002020653
binomialCQITwoChunks-98-20171219-21:43:16-13412;0.00050761
binomialCQITwoChunks-98-20171219-21:43:16-13412;0.00068092
binomialCQITwoChunks-99-20171219-21:43:16-12644;0.001261085
binomialCQITwoChunks-99-20171219-21:43:16-12644;0.000515186
binomialCQITwoChunks-99-20171219-21:43:16-12644;0.00346121
binomialCQITwoChunks-99-20171219-21:43:16-12644;0.000502414
binomialCQITwoChunks-99-20171219-21:43:16-12644;0.000589764
binomialCQITwoChunks-99-20171219-21:43:16-12644;0.000591834
binomialCQITwoChunks-99-20171219-21:43:16-12644;0.000672809
binomialCQITwoChunks-99-20171219-21:43:16-12644;0.000572203
binomialCQITwoChunks-99-20171219-21:43:16-12644;0.001447433
binomialCQITwoChunks-99-20171219-21:43:16-12644;0.000541129
