run;repetition;Module;resp:mean
uniformCQI-0-20171222-13:12:01-14568;0;Network.user[0];0.00056349666614232
uniformCQI-0-20171222-13:12:01-14568;0;Network.user[1];0.00052434855253237
uniformCQI-0-20171222-13:12:01-14568;0;Network.user[2];0.00054342462320354
uniformCQI-0-20171222-13:12:01-14568;0;Network.user[3];0.00056321334092189
uniformCQI-0-20171222-13:12:01-14568;0;Network.user[4];0.00055149402622383
uniformCQI-0-20171222-13:12:01-14568;0;Network.user[5];0.00052439435077719
uniformCQI-0-20171222-13:12:01-14568;0;Network.user[6];0.00050786907911099
uniformCQI-0-20171222-13:12:01-14568;0;Network.user[7];0.00053892841251591
uniformCQI-0-20171222-13:12:01-14568;0;Network.user[8];0.00051551667874158
uniformCQI-0-20171222-13:12:01-14568;0;Network.user[9];0.00057814089556431
uniformCQI-1-20171222-13:12:01-3696;1;Network.user[0];0.00052711385260012
uniformCQI-1-20171222-13:12:01-3696;1;Network.user[1];0.00056970359488337
uniformCQI-1-20171222-13:12:01-3696;1;Network.user[2];0.00051903439352791
uniformCQI-1-20171222-13:12:01-3696;1;Network.user[3];0.00052729591373762
uniformCQI-1-20171222-13:12:01-3696;1;Network.user[4];0.00051879956335688
uniformCQI-1-20171222-13:12:01-3696;1;Network.user[5];0.00054883608995263
uniformCQI-1-20171222-13:12:01-3696;1;Network.user[6];0.00057693133727211
uniformCQI-1-20171222-13:12:01-3696;1;Network.user[7];0.00051376210662659
uniformCQI-1-20171222-13:12:01-3696;1;Network.user[8];0.00055506218322267
uniformCQI-1-20171222-13:12:01-3696;1;Network.user[9];0.00054372971030155
uniformCQI-2-20171222-13:12:01-11940;2;Network.user[0];0.0005792935233516
uniformCQI-2-20171222-13:12:01-11940;2;Network.user[1];0.00051421388428144
uniformCQI-2-20171222-13:12:01-11940;2;Network.user[2];0.00054611580382143
uniformCQI-2-20171222-13:12:01-11940;2;Network.user[3];0.00052942606324898
uniformCQI-2-20171222-13:12:01-11940;2;Network.user[4];0.00053568277930596
uniformCQI-2-20171222-13:12:01-11940;2;Network.user[5];0.00051644936640373
uniformCQI-2-20171222-13:12:01-11940;2;Network.user[6];0.00054472410228605
uniformCQI-2-20171222-13:12:01-11940;2;Network.user[7];0.00056719611996078
uniformCQI-2-20171222-13:12:01-11940;2;Network.user[8];0.00051669767705808
uniformCQI-2-20171222-13:12:01-11940;2;Network.user[9];0.00055752550249044
uniformCQI-3-20171222-13:12:01-12992;3;Network.user[0];0.00053864494642204
uniformCQI-3-20171222-13:12:01-12992;3;Network.user[1];0.00053677202211141
uniformCQI-3-20171222-13:12:01-12992;3;Network.user[2];0.00055670029172627
uniformCQI-3-20171222-13:12:01-12992;3;Network.user[3];0.00053462864417128
uniformCQI-3-20171222-13:12:01-12992;3;Network.user[4];0.00050508998053453
uniformCQI-3-20171222-13:12:01-12992;3;Network.user[5];0.00053451144191611
uniformCQI-3-20171222-13:12:01-12992;3;Network.user[6];0.0005094472116532
uniformCQI-3-20171222-13:12:01-12992;3;Network.user[7];0.00056196125990107
uniformCQI-3-20171222-13:12:01-12992;3;Network.user[8];0.00054087225273687
uniformCQI-3-20171222-13:12:01-12992;3;Network.user[9];0.00058385834785106
uniformCQI-4-20171222-13:12:06-8960;4;Network.user[0];0.00052640086615488
uniformCQI-4-20171222-13:12:06-8960;4;Network.user[1];0.00058464739758468
uniformCQI-4-20171222-13:12:06-8960;4;Network.user[2];0.00052400283421663
uniformCQI-4-20171222-13:12:06-8960;4;Network.user[3];0.00051904717252498
uniformCQI-4-20171222-13:12:06-8960;4;Network.user[4];0.00054878765816567
uniformCQI-4-20171222-13:12:06-8960;4;Network.user[5];0.00054501644475247
uniformCQI-4-20171222-13:12:06-8960;4;Network.user[6];0.00055229861076627
uniformCQI-4-20171222-13:12:06-8960;4;Network.user[7];0.00053081080824712
uniformCQI-4-20171222-13:12:06-8960;4;Network.user[8];0.00053407402384469
uniformCQI-4-20171222-13:12:06-8960;4;Network.user[9];0.00057125789010148
uniformCQI-5-20171222-13:12:06-11424;5;Network.user[0];0.00053180070491018
uniformCQI-5-20171222-13:12:06-11424;5;Network.user[1];0.00056181550611466
uniformCQI-5-20171222-13:12:06-11424;5;Network.user[2];0.0005067363021663
uniformCQI-5-20171222-13:12:06-11424;5;Network.user[3];0.00052347651827877
uniformCQI-5-20171222-13:12:06-11424;5;Network.user[4];0.00051536520565483
uniformCQI-5-20171222-13:12:06-11424;5;Network.user[5];0.00055510119404896
uniformCQI-5-20171222-13:12:06-11424;5;Network.user[6];0.00056070905057336
uniformCQI-5-20171222-13:12:06-11424;5;Network.user[7];0.00055404249951301
uniformCQI-5-20171222-13:12:06-11424;5;Network.user[8];0.00053104088259097
uniformCQI-5-20171222-13:12:06-11424;5;Network.user[9];0.00057991260617689
uniformCQI-6-20171222-13:12:06-10688;6;Network.user[0];0.00054685768094203
uniformCQI-6-20171222-13:12:06-10688;6;Network.user[1];0.0005587150990131
uniformCQI-6-20171222-13:12:06-10688;6;Network.user[2];0.00050824410085497
uniformCQI-6-20171222-13:12:06-10688;6;Network.user[3];0.00056970983960143
uniformCQI-6-20171222-13:12:06-10688;6;Network.user[4];0.00053745228916091
uniformCQI-6-20171222-13:12:06-10688;6;Network.user[5];0.00056045535491315
uniformCQI-6-20171222-13:12:06-10688;6;Network.user[6];0.00053195160070116
uniformCQI-6-20171222-13:12:06-10688;6;Network.user[7];0.0005582471475704
uniformCQI-6-20171222-13:12:06-10688;6;Network.user[8];0.00051810569029252
uniformCQI-6-20171222-13:12:06-10688;6;Network.user[9];0.00052213751734559
uniformCQI-7-20171222-13:12:06-10504;7;Network.user[0];0.00053525368645685
uniformCQI-7-20171222-13:12:06-10504;7;Network.user[1];0.00054876724281303
uniformCQI-7-20171222-13:12:06-10504;7;Network.user[2];0.00054496407132023
uniformCQI-7-20171222-13:12:06-10504;7;Network.user[3];0.00050919560081281
uniformCQI-7-20171222-13:12:06-10504;7;Network.user[4];0.00054036350160547
uniformCQI-7-20171222-13:12:06-10504;7;Network.user[5];0.00054544622078689
uniformCQI-7-20171222-13:12:06-10504;7;Network.user[6];0.00057289912895096
uniformCQI-7-20171222-13:12:06-10504;7;Network.user[7];0.0005623821175872
uniformCQI-7-20171222-13:12:06-10504;7;Network.user[8];0.00054341779686322
uniformCQI-7-20171222-13:12:06-10504;7;Network.user[9];0.00051607273858744
uniformCQI-8-20171222-13:12:11-13228;8;Network.user[0];0.00051991235088821
uniformCQI-8-20171222-13:12:11-13228;8;Network.user[1];0.00053395193217173
uniformCQI-8-20171222-13:12:11-13228;8;Network.user[2];0.00051803989433699
uniformCQI-8-20171222-13:12:11-13228;8;Network.user[3];0.0005504673875772
uniformCQI-8-20171222-13:12:11-13228;8;Network.user[4];0.0005663542501237
uniformCQI-8-20171222-13:12:11-13228;8;Network.user[5];0.00055975782880223
uniformCQI-8-20171222-13:12:11-13228;8;Network.user[6];0.00057641932906778
uniformCQI-8-20171222-13:12:11-13228;8;Network.user[7];0.00053803920120896
uniformCQI-8-20171222-13:12:11-13228;8;Network.user[8];0.00052772693826925
uniformCQI-8-20171222-13:12:11-13228;8;Network.user[9];0.00051954655098998
uniformCQI-9-20171222-13:12:11-9112;9;Network.user[0];0.00050773452011108
uniformCQI-9-20171222-13:12:11-9112;9;Network.user[1];0.00056305020872432
uniformCQI-9-20171222-13:12:11-9112;9;Network.user[2];0.00055526543500733
uniformCQI-9-20171222-13:12:11-9112;9;Network.user[3];0.00055179545722665
uniformCQI-9-20171222-13:12:11-9112;9;Network.user[4];0.00051815579480806
uniformCQI-9-20171222-13:12:11-9112;9;Network.user[5];0.00052371934382826
uniformCQI-9-20171222-13:12:11-9112;9;Network.user[6];0.00051651635706729
uniformCQI-9-20171222-13:12:11-9112;9;Network.user[7];0.00055099413249731
uniformCQI-9-20171222-13:12:11-9112;9;Network.user[8];0.00056119261374677
uniformCQI-9-20171222-13:12:11-9112;9;Network.user[9];0.0005598515385236
uniformCQI-10-20171222-13:12:11-10736;10;Network.user[0];0.00054511652734695
uniformCQI-10-20171222-13:12:11-10736;10;Network.user[1];0.00052585234525938
uniformCQI-10-20171222-13:12:11-10736;10;Network.user[2];0.00054894497480547
uniformCQI-10-20171222-13:12:11-10736;10;Network.user[3];0.0005624732970261
uniformCQI-10-20171222-13:12:11-10736;10;Network.user[4];0.00050933988889582
uniformCQI-10-20171222-13:12:11-10736;10;Network.user[5];0.00057483944073036
uniformCQI-10-20171222-13:12:11-10736;10;Network.user[6];0.00053107976732745
uniformCQI-10-20171222-13:12:11-10736;10;Network.user[7];0.00056957623638191
uniformCQI-10-20171222-13:12:11-10736;10;Network.user[8];0.00052084252664748
uniformCQI-10-20171222-13:12:11-10736;10;Network.user[9];0.0005300385439929
uniformCQI-11-20171222-13:12:12-10640;11;Network.user[0];0.00053350664763468
uniformCQI-11-20171222-13:12:12-10640;11;Network.user[1];0.00053323067783181
uniformCQI-11-20171222-13:12:12-10640;11;Network.user[2];0.00055673188162883
uniformCQI-11-20171222-13:12:12-10640;11;Network.user[3];0.00050750078280731
uniformCQI-11-20171222-13:12:12-10640;11;Network.user[4];0.00051675856843916
uniformCQI-11-20171222-13:12:12-10640;11;Network.user[5];0.00056838473550652
uniformCQI-11-20171222-13:12:12-10640;11;Network.user[6];0.00055360567790007
uniformCQI-11-20171222-13:12:12-10640;11;Network.user[7];0.00055025194216191
uniformCQI-11-20171222-13:12:12-10640;11;Network.user[8];0.00052175210086984
uniformCQI-11-20171222-13:12:12-10640;11;Network.user[9];0.00057253903987966
uniformCQI-12-20171222-13:12:17-5180;12;Network.user[0];0.00056340271583494
uniformCQI-12-20171222-13:12:17-5180;12;Network.user[1];0.00052111182844815
uniformCQI-12-20171222-13:12:17-5180;12;Network.user[2];0.00051430029414211
uniformCQI-12-20171222-13:12:17-5180;12;Network.user[3];0.00055016641382829
uniformCQI-12-20171222-13:12:17-5180;12;Network.user[4];0.00051716544321952
uniformCQI-12-20171222-13:12:17-5180;12;Network.user[5];0.000546089882324
uniformCQI-12-20171222-13:12:17-5180;12;Network.user[6];0.00053689553909501
uniformCQI-12-20171222-13:12:17-5180;12;Network.user[7];0.00058158524164396
uniformCQI-12-20171222-13:12:17-5180;12;Network.user[8];0.00052879637976795
uniformCQI-12-20171222-13:12:17-5180;12;Network.user[9];0.0005610170215298
uniformCQI-13-20171222-13:12:17-7800;13;Network.user[0];0.00054006638882149
uniformCQI-13-20171222-13:12:17-7800;13;Network.user[1];0.00057181276813074
uniformCQI-13-20171222-13:12:17-7800;13;Network.user[2];0.00052133325664492
uniformCQI-13-20171222-13:12:17-7800;13;Network.user[3];0.00054512184801477
uniformCQI-13-20171222-13:12:17-7800;13;Network.user[4];0.000547539420224
uniformCQI-13-20171222-13:12:17-7800;13;Network.user[5];0.00052537908790404
uniformCQI-13-20171222-13:12:17-7800;13;Network.user[6];0.00054912066166637
uniformCQI-13-20171222-13:12:17-7800;13;Network.user[7];0.00058106996177419
uniformCQI-13-20171222-13:12:17-7800;13;Network.user[8];0.0005134477001237
uniformCQI-13-20171222-13:12:17-7800;13;Network.user[9];0.00050730273554188
uniformCQI-14-20171222-13:12:17-12736;14;Network.user[0];0.00054489641671582
uniformCQI-14-20171222-13:12:17-12736;14;Network.user[1];0.00052066128368487
uniformCQI-14-20171222-13:12:17-12736;14;Network.user[2];0.00050932731139712
uniformCQI-14-20171222-13:12:17-12736;14;Network.user[3];0.00053193093472185
uniformCQI-14-20171222-13:12:17-12736;14;Network.user[4];0.00055197858200976
uniformCQI-14-20171222-13:12:17-12736;14;Network.user[5];0.00055029649169471
uniformCQI-14-20171222-13:12:17-12736;14;Network.user[6];0.00050983329045266
uniformCQI-14-20171222-13:12:17-12736;14;Network.user[7];0.00058637121756276
uniformCQI-14-20171222-13:12:17-12736;14;Network.user[8];0.00055279447834463
uniformCQI-14-20171222-13:12:17-12736;14;Network.user[9];0.00055229763191738
uniformCQI-15-20171222-13:12:17-12048;15;Network.user[0];0.00054188224948521
uniformCQI-15-20171222-13:12:17-12048;15;Network.user[1];0.00055195434500308
uniformCQI-15-20171222-13:12:17-12048;15;Network.user[2];0.00057677460974366
uniformCQI-15-20171222-13:12:17-12048;15;Network.user[3];0.00052443169446073
uniformCQI-15-20171222-13:12:17-12048;15;Network.user[4];0.00056672664591262
uniformCQI-15-20171222-13:12:17-12048;15;Network.user[5];0.00054917126559482
uniformCQI-15-20171222-13:12:17-12048;15;Network.user[6];0.0005059320868816
uniformCQI-15-20171222-13:12:17-12048;15;Network.user[7];0.0005231592095021
uniformCQI-15-20171222-13:12:17-12048;15;Network.user[8];0.00054373217494704
uniformCQI-15-20171222-13:12:17-12048;15;Network.user[9];0.00051256526672144
uniformCQI-16-20171222-13:12:24-8408;16;Network.user[0];0.00051037994270364
uniformCQI-16-20171222-13:12:24-8408;16;Network.user[1];0.00054676489475758
uniformCQI-16-20171222-13:12:24-8408;16;Network.user[2];0.00058491725473972
uniformCQI-16-20171222-13:12:24-8408;16;Network.user[3];0.00054825687488212
uniformCQI-16-20171222-13:12:24-8408;16;Network.user[4];0.00053512561753138
uniformCQI-16-20171222-13:12:24-8408;16;Network.user[5];0.00053905577999136
uniformCQI-16-20171222-13:12:24-8408;16;Network.user[6];0.00051578814134788
uniformCQI-16-20171222-13:12:24-8408;16;Network.user[7];0.00057415102103127
uniformCQI-16-20171222-13:12:24-8408;16;Network.user[8];0.00052688050480017
uniformCQI-16-20171222-13:12:24-8408;16;Network.user[9];0.00053547212921555
uniformCQI-17-20171222-13:12:24-4224;17;Network.user[0];0.00052031855333428
uniformCQI-17-20171222-13:12:24-4224;17;Network.user[1];0.00053305298434352
uniformCQI-17-20171222-13:12:24-4224;17;Network.user[2];0.00054471187408322
uniformCQI-17-20171222-13:12:24-4224;17;Network.user[3];0.00057587903341718
uniformCQI-17-20171222-13:12:24-4224;17;Network.user[4];0.00052472800451256
uniformCQI-17-20171222-13:12:24-4224;17;Network.user[5];0.00055610883614983
uniformCQI-17-20171222-13:12:24-4224;17;Network.user[6];0.00052910218489598
uniformCQI-17-20171222-13:12:24-4224;17;Network.user[7];0.00053996587766524
uniformCQI-17-20171222-13:12:24-4224;17;Network.user[8];0.00050221409569895
uniformCQI-17-20171222-13:12:24-4224;17;Network.user[9];0.00056915498144732
uniformCQI-18-20171222-13:12:24-9016;18;Network.user[0];0.00057670721796623
uniformCQI-18-20171222-13:12:24-9016;18;Network.user[1];0.00054120787902795
uniformCQI-18-20171222-13:12:24-9016;18;Network.user[2];0.00056165904472063
uniformCQI-18-20171222-13:12:24-9016;18;Network.user[3];0.00053302035742247
uniformCQI-18-20171222-13:12:24-9016;18;Network.user[4];0.00056758752100419
uniformCQI-18-20171222-13:12:24-9016;18;Network.user[5];0.00052120590408586
uniformCQI-18-20171222-13:12:24-9016;18;Network.user[6];0.0005174325135758
uniformCQI-18-20171222-13:12:24-9016;18;Network.user[7];0.00052376561784328
uniformCQI-18-20171222-13:12:24-9016;18;Network.user[8];0.00051760939298907
uniformCQI-18-20171222-13:12:24-9016;18;Network.user[9];0.0005370415360497
uniformCQI-19-20171222-13:12:24-4880;19;Network.user[0];0.00052569189819185
uniformCQI-19-20171222-13:12:24-4880;19;Network.user[1];0.00056152685265906
uniformCQI-19-20171222-13:12:24-4880;19;Network.user[2];0.00058069662428772
uniformCQI-19-20171222-13:12:24-4880;19;Network.user[3];0.00052793901132234
uniformCQI-19-20171222-13:12:24-4880;19;Network.user[4];0.0005448416543357
uniformCQI-19-20171222-13:12:24-4880;19;Network.user[5];0.00053467568981257
uniformCQI-19-20171222-13:12:24-4880;19;Network.user[6];0.00051046501369491
uniformCQI-19-20171222-13:12:24-4880;19;Network.user[7];0.00051668609258348
uniformCQI-19-20171222-13:12:24-4880;19;Network.user[8];0.00054753947251453
uniformCQI-19-20171222-13:12:24-4880;19;Network.user[9];0.00056159969276788
uniformCQI-20-20171222-13:12:30-8420;20;Network.user[0];0.00057162395036651
uniformCQI-20-20171222-13:12:30-8420;20;Network.user[1];0.00055976423598122
uniformCQI-20-20171222-13:12:30-8420;20;Network.user[2];0.00054962478610374
uniformCQI-20-20171222-13:12:30-8420;20;Network.user[3];0.0005210069140424
uniformCQI-20-20171222-13:12:30-8420;20;Network.user[4];0.00055470226562056
uniformCQI-20-20171222-13:12:30-8420;20;Network.user[5];0.00052533015759598
uniformCQI-20-20171222-13:12:30-8420;20;Network.user[6];0.00051020710170977
uniformCQI-20-20171222-13:12:30-8420;20;Network.user[7];0.00053769208739163
uniformCQI-20-20171222-13:12:30-8420;20;Network.user[8];0.00051965850457721
uniformCQI-20-20171222-13:12:30-8420;20;Network.user[9];0.00056767776114533
uniformCQI-21-20171222-13:12:30-5096;21;Network.user[0];0.000510262832129
uniformCQI-21-20171222-13:12:30-5096;21;Network.user[1];0.00057139748922737
uniformCQI-21-20171222-13:12:30-5096;21;Network.user[2];0.0005558832270796
uniformCQI-21-20171222-13:12:30-5096;21;Network.user[3];0.00055632193272476
uniformCQI-21-20171222-13:12:30-5096;21;Network.user[4];0.00055094766891504
uniformCQI-21-20171222-13:12:30-5096;21;Network.user[5];0.00052359283329813
uniformCQI-21-20171222-13:12:30-5096;21;Network.user[6];0.0005246320696315
uniformCQI-21-20171222-13:12:30-5096;21;Network.user[7];0.00058374859008884
uniformCQI-21-20171222-13:12:30-5096;21;Network.user[8];0.00053773623945032
uniformCQI-21-20171222-13:12:30-5096;21;Network.user[9];0.00051905860216008
uniformCQI-22-20171222-13:12:30-12568;22;Network.user[0];0.00053736884774419
uniformCQI-22-20171222-13:12:30-12568;22;Network.user[1];0.00050692728396653
uniformCQI-22-20171222-13:12:30-12568;22;Network.user[2];0.00057450952279179
uniformCQI-22-20171222-13:12:30-12568;22;Network.user[3];0.00053555689398712
uniformCQI-22-20171222-13:12:30-12568;22;Network.user[4];0.00051513204836454
uniformCQI-22-20171222-13:12:30-12568;22;Network.user[5];0.00057246557221748
uniformCQI-22-20171222-13:12:30-12568;22;Network.user[6];0.00053880561723656
uniformCQI-22-20171222-13:12:30-12568;22;Network.user[7];0.00055061149066492
uniformCQI-22-20171222-13:12:30-12568;22;Network.user[8];0.00055216023504195
uniformCQI-22-20171222-13:12:30-12568;22;Network.user[9];0.00054554232535562
uniformCQI-23-20171222-13:12:30-7976;23;Network.user[0];0.00050754043863118
uniformCQI-23-20171222-13:12:30-7976;23;Network.user[1];0.00054403769748398
uniformCQI-23-20171222-13:12:30-7976;23;Network.user[2];0.00054856105350602
uniformCQI-23-20171222-13:12:30-7976;23;Network.user[3];0.00058098967139936
uniformCQI-23-20171222-13:12:30-7976;23;Network.user[4];0.00053293795652522
uniformCQI-23-20171222-13:12:30-7976;23;Network.user[5];0.0005373882498949
uniformCQI-23-20171222-13:12:30-7976;23;Network.user[6];0.00056994153395289
uniformCQI-23-20171222-13:12:30-7976;23;Network.user[7];0.00052713752985704
uniformCQI-23-20171222-13:12:30-7976;23;Network.user[8];0.00053902709721414
uniformCQI-23-20171222-13:12:30-7976;23;Network.user[9];0.0005236329230511
uniformCQI-24-20171222-13:12:36-13364;24;Network.user[0];0.00055405555444857
uniformCQI-24-20171222-13:12:36-13364;24;Network.user[1];0.0005378567757457
uniformCQI-24-20171222-13:12:36-13364;24;Network.user[2];0.00055195309710546
uniformCQI-24-20171222-13:12:36-13364;24;Network.user[3];0.00050792038866866
uniformCQI-24-20171222-13:12:36-13364;24;Network.user[4];0.00052135277773816
uniformCQI-24-20171222-13:12:36-13364;24;Network.user[5];0.00056375207836434
uniformCQI-24-20171222-13:12:36-13364;24;Network.user[6];0.00054483423343907
uniformCQI-24-20171222-13:12:36-13364;24;Network.user[7];0.00052641823358917
uniformCQI-24-20171222-13:12:36-13364;24;Network.user[8];0.00058062608927228
uniformCQI-24-20171222-13:12:36-13364;24;Network.user[9];0.00051830545335887
uniformCQI-25-20171222-13:12:37-10596;25;Network.user[0];0.00054611950071397
uniformCQI-25-20171222-13:12:37-10596;25;Network.user[1];0.00055688438003455
uniformCQI-25-20171222-13:12:37-10596;25;Network.user[2];0.00054073612332271
uniformCQI-25-20171222-13:12:37-10596;25;Network.user[3];0.00053315453887409
uniformCQI-25-20171222-13:12:37-10596;25;Network.user[4];0.00051984099611401
uniformCQI-25-20171222-13:12:37-10596;25;Network.user[5];0.00052089298534003
uniformCQI-25-20171222-13:12:37-10596;25;Network.user[6];0.00051394722899132
uniformCQI-25-20171222-13:12:37-10596;25;Network.user[7];0.00057583483321302
uniformCQI-25-20171222-13:12:37-10596;25;Network.user[8];0.00057882777681368
uniformCQI-25-20171222-13:12:37-10596;25;Network.user[9];0.00052039615672614
uniformCQI-26-20171222-13:12:37-4384;26;Network.user[0];0.00053505813767632
uniformCQI-26-20171222-13:12:37-4384;26;Network.user[1];0.00053426052634219
uniformCQI-26-20171222-13:12:37-4384;26;Network.user[2];0.00051892878313324
uniformCQI-26-20171222-13:12:37-4384;26;Network.user[3];0.00058014705811954
uniformCQI-26-20171222-13:12:37-4384;26;Network.user[4];0.00054356040948408
uniformCQI-26-20171222-13:12:37-4384;26;Network.user[5];0.00056960928330734
uniformCQI-26-20171222-13:12:37-4384;26;Network.user[6];0.00055711824212321
uniformCQI-26-20171222-13:12:37-4384;26;Network.user[7];0.00051891902660436
uniformCQI-26-20171222-13:12:37-4384;26;Network.user[8];0.00050581599630191
uniformCQI-26-20171222-13:12:37-4384;26;Network.user[9];0.00055193382553116
uniformCQI-27-20171222-13:12:37-13968;27;Network.user[0];0.00053627706138601
uniformCQI-27-20171222-13:12:37-13968;27;Network.user[1];0.00055935599151831
uniformCQI-27-20171222-13:12:37-13968;27;Network.user[2];0.00054321752178098
uniformCQI-27-20171222-13:12:37-13968;27;Network.user[3];0.00052182302528287
uniformCQI-27-20171222-13:12:37-13968;27;Network.user[4];0.00052831842412546
uniformCQI-27-20171222-13:12:37-13968;27;Network.user[5];0.00055319158103998
uniformCQI-27-20171222-13:12:37-13968;27;Network.user[6];0.00050520885708519
uniformCQI-27-20171222-13:12:37-13968;27;Network.user[7];0.00057477148750066
uniformCQI-27-20171222-13:12:37-13968;27;Network.user[8];0.0005475646565181
uniformCQI-27-20171222-13:12:37-13968;27;Network.user[9];0.0005307200261163
uniformCQI-28-20171222-13:12:43-13624;28;Network.user[0];0.0005177988589586
uniformCQI-28-20171222-13:12:43-13624;28;Network.user[1];0.00054806165640144
uniformCQI-28-20171222-13:12:43-13624;28;Network.user[2];0.00055552284983115
uniformCQI-28-20171222-13:12:43-13624;28;Network.user[3];0.00054976380631435
uniformCQI-28-20171222-13:12:43-13624;28;Network.user[4];0.00056733667460926
uniformCQI-28-20171222-13:12:43-13624;28;Network.user[5];0.00052555142478172
uniformCQI-28-20171222-13:12:43-13624;28;Network.user[6];0.00054374424757444
uniformCQI-28-20171222-13:12:43-13624;28;Network.user[7];0.00056208749486521
uniformCQI-28-20171222-13:12:43-13624;28;Network.user[8];0.00052506962602839
uniformCQI-28-20171222-13:12:43-13624;28;Network.user[9];0.00050941481053197
uniformCQI-29-20171222-13:12:44-3920;29;Network.user[0];0.00053514626644143
uniformCQI-29-20171222-13:12:44-3920;29;Network.user[1];0.00051252496625144
uniformCQI-29-20171222-13:12:44-3920;29;Network.user[2];0.00051631009031156
uniformCQI-29-20171222-13:12:44-3920;29;Network.user[3];0.00056746602773728
uniformCQI-29-20171222-13:12:44-3920;29;Network.user[4];0.0005322919114988
uniformCQI-29-20171222-13:12:44-3920;29;Network.user[5];0.00052105576846381
uniformCQI-29-20171222-13:12:44-3920;29;Network.user[6];0.00056064433104962
uniformCQI-29-20171222-13:12:44-3920;29;Network.user[7];0.00052435311317703
uniformCQI-29-20171222-13:12:44-3920;29;Network.user[8];0.00057134328850369
uniformCQI-29-20171222-13:12:44-3920;29;Network.user[9];0.00055991768357806
uniformCQI-30-20171222-13:12:44-14416;30;Network.user[0];0.00055273209284091
uniformCQI-30-20171222-13:12:44-14416;30;Network.user[1];0.00051915246407746
uniformCQI-30-20171222-13:12:44-14416;30;Network.user[2];0.00053712088976237
uniformCQI-30-20171222-13:12:44-14416;30;Network.user[3];0.00051075885399704
uniformCQI-30-20171222-13:12:44-14416;30;Network.user[4];0.00053785122629784
uniformCQI-30-20171222-13:12:44-14416;30;Network.user[5];0.00057611631106326
uniformCQI-30-20171222-13:12:44-14416;30;Network.user[6];0.00052749367129668
uniformCQI-30-20171222-13:12:44-14416;30;Network.user[7];0.00052831715539416
uniformCQI-30-20171222-13:12:44-14416;30;Network.user[8];0.00057741512207657
uniformCQI-30-20171222-13:12:44-14416;30;Network.user[9];0.00054184003978778
uniformCQI-31-20171222-13:12:44-5128;31;Network.user[0];0.00054322243152861
uniformCQI-31-20171222-13:12:44-5128;31;Network.user[1];0.00055575506811038
uniformCQI-31-20171222-13:12:44-5128;31;Network.user[2];0.00050714492099838
uniformCQI-31-20171222-13:12:44-5128;31;Network.user[3];0.00057103951286036
uniformCQI-31-20171222-13:12:44-5128;31;Network.user[4];0.00052222009363894
uniformCQI-31-20171222-13:12:44-5128;31;Network.user[5];0.00054259513700558
uniformCQI-31-20171222-13:12:44-5128;31;Network.user[6];0.00055605835593711
uniformCQI-31-20171222-13:12:44-5128;31;Network.user[7];0.00052823300717592
uniformCQI-31-20171222-13:12:44-5128;31;Network.user[8];0.00052247119977941
uniformCQI-31-20171222-13:12:44-5128;31;Network.user[9];0.00054635308815996
uniformCQI-32-20171222-13:12:49-2708;32;Network.user[0];0.00053067727086352
uniformCQI-32-20171222-13:12:49-2708;32;Network.user[1];0.00054400996618447
uniformCQI-32-20171222-13:12:49-2708;32;Network.user[2];0.00053590738999071
uniformCQI-32-20171222-13:12:49-2708;32;Network.user[3];0.00057306754261329
uniformCQI-32-20171222-13:12:49-2708;32;Network.user[4];0.0005163331615519
uniformCQI-32-20171222-13:12:49-2708;32;Network.user[5];0.00050938224180933
uniformCQI-32-20171222-13:12:49-2708;32;Network.user[6];0.00054296302559014
uniformCQI-32-20171222-13:12:49-2708;32;Network.user[7];0.00055008485963504
uniformCQI-32-20171222-13:12:49-2708;32;Network.user[8];0.00054110486136631
uniformCQI-32-20171222-13:12:49-2708;32;Network.user[9];0.0005778538714178
uniformCQI-33-20171222-13:12:50-13760;33;Network.user[0];0.00054660323085332
uniformCQI-33-20171222-13:12:50-13760;33;Network.user[1];0.00056757715784811
uniformCQI-33-20171222-13:12:50-13760;33;Network.user[2];0.00055511187074875
uniformCQI-33-20171222-13:12:50-13760;33;Network.user[3];0.00052559450960701
uniformCQI-33-20171222-13:12:50-13760;33;Network.user[4];0.00057617824451021
uniformCQI-33-20171222-13:12:50-13760;33;Network.user[5];0.00053540301556799
uniformCQI-33-20171222-13:12:50-13760;33;Network.user[6];0.00052856063621936
uniformCQI-33-20171222-13:12:50-13760;33;Network.user[7];0.00050692950033232
uniformCQI-33-20171222-13:12:50-13760;33;Network.user[8];0.00051987532502117
uniformCQI-33-20171222-13:12:50-13760;33;Network.user[9];0.00055809863587792
uniformCQI-34-20171222-13:12:50-14016;34;Network.user[0];0.00052108482625404
uniformCQI-34-20171222-13:12:50-14016;34;Network.user[1];0.00056283654670255
uniformCQI-34-20171222-13:12:50-14016;34;Network.user[2];0.00052295828826005
uniformCQI-34-20171222-13:12:50-14016;34;Network.user[3];0.00055304903779478
uniformCQI-34-20171222-13:12:50-14016;34;Network.user[4];0.00056940861439417
uniformCQI-34-20171222-13:12:50-14016;34;Network.user[5];0.00055376181074156
uniformCQI-34-20171222-13:12:50-14016;34;Network.user[6];0.00052480294908313
uniformCQI-34-20171222-13:12:50-14016;34;Network.user[7];0.000510578151941
uniformCQI-34-20171222-13:12:50-14016;34;Network.user[8];0.000567370231589
uniformCQI-34-20171222-13:12:50-14016;34;Network.user[9];0.0005387522511394
uniformCQI-35-20171222-13:12:50-1872;35;Network.user[0];0.00052075504615828
uniformCQI-35-20171222-13:12:50-1872;35;Network.user[1];0.00052195951782136
uniformCQI-35-20171222-13:12:50-1872;35;Network.user[2];0.00050796200333156
uniformCQI-35-20171222-13:12:50-1872;35;Network.user[3];0.00058194098991778
uniformCQI-35-20171222-13:12:50-1872;35;Network.user[4];0.00056403733590566
uniformCQI-35-20171222-13:12:50-1872;35;Network.user[5];0.0005257363837188
uniformCQI-35-20171222-13:12:50-1872;35;Network.user[6];0.00054993392624131
uniformCQI-35-20171222-13:12:50-1872;35;Network.user[7];0.00055305440440749
uniformCQI-35-20171222-13:12:50-1872;35;Network.user[8];0.00052841565729887
uniformCQI-35-20171222-13:12:50-1872;35;Network.user[9];0.0005499599795682
uniformCQI-36-20171222-13:12:55-14480;36;Network.user[0];0.00052392921310866
uniformCQI-36-20171222-13:12:55-14480;36;Network.user[1];0.0005613867324001
uniformCQI-36-20171222-13:12:55-14480;36;Network.user[2];0.00057249436616114
uniformCQI-36-20171222-13:12:55-14480;36;Network.user[3];0.00053052420792769
uniformCQI-36-20171222-13:12:55-14480;36;Network.user[4];0.00052396883372444
uniformCQI-36-20171222-13:12:55-14480;36;Network.user[5];0.00054071780329066
uniformCQI-36-20171222-13:12:55-14480;36;Network.user[6];0.00055601048998747
uniformCQI-36-20171222-13:12:55-14480;36;Network.user[7];0.00052015672790329
uniformCQI-36-20171222-13:12:55-14480;36;Network.user[8];0.0005072742272921
uniformCQI-36-20171222-13:12:55-14480;36;Network.user[9];0.00056891929001171
uniformCQI-37-20171222-13:12:56-9060;37;Network.user[0];0.00056367029777196
uniformCQI-37-20171222-13:12:56-9060;37;Network.user[1];0.00051907438941684
uniformCQI-37-20171222-13:12:56-9060;37;Network.user[2];0.00051180979258078
uniformCQI-37-20171222-13:12:56-9060;37;Network.user[3];0.0005549600724507
uniformCQI-37-20171222-13:12:56-9060;37;Network.user[4];0.00054527698446273
uniformCQI-37-20171222-13:12:56-9060;37;Network.user[5];0.00050950488600433
uniformCQI-37-20171222-13:12:56-9060;37;Network.user[6];0.00056586502312599
uniformCQI-37-20171222-13:12:56-9060;37;Network.user[7];0.00056006849555937
uniformCQI-37-20171222-13:12:56-9060;37;Network.user[8];0.00052889957902068
uniformCQI-37-20171222-13:12:56-9060;37;Network.user[9];0.00053095181672453
uniformCQI-38-20171222-13:12:56-1920;38;Network.user[0];0.00053650262511142
uniformCQI-38-20171222-13:12:56-1920;38;Network.user[1];0.00054889868946461
uniformCQI-38-20171222-13:12:56-1920;38;Network.user[2];0.00051397829747556
uniformCQI-38-20171222-13:12:56-1920;38;Network.user[3];0.0005223267364218
uniformCQI-38-20171222-13:12:56-1920;38;Network.user[4];0.00053000023392377
uniformCQI-38-20171222-13:12:56-1920;38;Network.user[5];0.00054541206037653
uniformCQI-38-20171222-13:12:56-1920;38;Network.user[6];0.00051522728035597
uniformCQI-38-20171222-13:12:56-1920;38;Network.user[7];0.00056351587481262
uniformCQI-38-20171222-13:12:56-1920;38;Network.user[8];0.0005669556020213
uniformCQI-38-20171222-13:12:56-1920;38;Network.user[9];0.00054514689791849
uniformCQI-39-20171222-13:12:56-13704;39;Network.user[0];0.00057072647307638
uniformCQI-39-20171222-13:12:56-13704;39;Network.user[1];0.00050678042977343
uniformCQI-39-20171222-13:12:56-13704;39;Network.user[2];0.00052425554224535
uniformCQI-39-20171222-13:12:56-13704;39;Network.user[3];0.00052349419004138
uniformCQI-39-20171222-13:12:56-13704;39;Network.user[4];0.00052451803873475
uniformCQI-39-20171222-13:12:56-13704;39;Network.user[5];0.00055903071658366
uniformCQI-39-20171222-13:12:56-13704;39;Network.user[6];0.00054318547184648
uniformCQI-39-20171222-13:12:56-13704;39;Network.user[7];0.00053308930396993
uniformCQI-39-20171222-13:12:56-13704;39;Network.user[8];0.00056899372790838
uniformCQI-39-20171222-13:12:56-13704;39;Network.user[9];0.00053117649052578
uniformCQI-40-20171222-13:13:02-13732;40;Network.user[0];0.0005200384876048
uniformCQI-40-20171222-13:13:02-13732;40;Network.user[1];0.00050734395761354
uniformCQI-40-20171222-13:13:02-13732;40;Network.user[2];0.00057002426019893
uniformCQI-40-20171222-13:13:02-13732;40;Network.user[3];0.0005302879626112
uniformCQI-40-20171222-13:13:02-13732;40;Network.user[4];0.00053034209853734
uniformCQI-40-20171222-13:13:02-13732;40;Network.user[5];0.00055492242092932
uniformCQI-40-20171222-13:13:02-13732;40;Network.user[6];0.00051824879572109
uniformCQI-40-20171222-13:13:02-13732;40;Network.user[7];0.00056002463278851
uniformCQI-40-20171222-13:13:02-13732;40;Network.user[8];0.00056952758717974
uniformCQI-40-20171222-13:13:02-13732;40;Network.user[9];0.00053775514186114
uniformCQI-41-20171222-13:13:02-10504;41;Network.user[0];0.00056356118006725
uniformCQI-41-20171222-13:13:02-10504;41;Network.user[1];0.00057223937378722
uniformCQI-41-20171222-13:13:02-10504;41;Network.user[2];0.00053608437886734
uniformCQI-41-20171222-13:13:02-10504;41;Network.user[3];0.00050785697280679
uniformCQI-41-20171222-13:13:02-10504;41;Network.user[4];0.00053775819251716
uniformCQI-41-20171222-13:13:02-10504;41;Network.user[5];0.00052103278265357
uniformCQI-41-20171222-13:13:02-10504;41;Network.user[6];0.00053972248582648
uniformCQI-41-20171222-13:13:02-10504;41;Network.user[7];0.00054707554449681
uniformCQI-41-20171222-13:13:02-10504;41;Network.user[8];0.00051873412574885
uniformCQI-41-20171222-13:13:02-10504;41;Network.user[9];0.00056152551497276
uniformCQI-42-20171222-13:13:02-14300;42;Network.user[0];0.00053270032662989
uniformCQI-42-20171222-13:13:02-14300;42;Network.user[1];0.00052024678343081
uniformCQI-42-20171222-13:13:02-14300;42;Network.user[2];0.0005125182489034
uniformCQI-42-20171222-13:13:02-14300;42;Network.user[3];0.00052950888740622
uniformCQI-42-20171222-13:13:02-14300;42;Network.user[4];0.00051768073925719
uniformCQI-42-20171222-13:13:02-14300;42;Network.user[5];0.00054924478585679
uniformCQI-42-20171222-13:13:02-14300;42;Network.user[6];0.00057061357232878
uniformCQI-42-20171222-13:13:02-14300;42;Network.user[7];0.00058134968727409
uniformCQI-42-20171222-13:13:02-14300;42;Network.user[8];0.00054842938395554
uniformCQI-42-20171222-13:13:02-14300;42;Network.user[9];0.00055792905995395
uniformCQI-43-20171222-13:13:02-940;43;Network.user[0];0.00052231674362056
uniformCQI-43-20171222-13:13:02-940;43;Network.user[1];0.00055108038934615
uniformCQI-43-20171222-13:13:02-940;43;Network.user[2];0.00053903584567427
uniformCQI-43-20171222-13:13:02-940;43;Network.user[3];0.00056878433522767
uniformCQI-43-20171222-13:13:02-940;43;Network.user[4];0.00057366351936343
uniformCQI-43-20171222-13:13:02-940;43;Network.user[5];0.00052941949019159
uniformCQI-43-20171222-13:13:02-940;43;Network.user[6];0.00052576163561341
uniformCQI-43-20171222-13:13:02-940;43;Network.user[7];0.0005292346870987
uniformCQI-43-20171222-13:13:02-940;43;Network.user[8];0.00054302640814494
uniformCQI-43-20171222-13:13:02-940;43;Network.user[9];0.00051620026430874
uniformCQI-44-20171222-13:13:08-8320;44;Network.user[0];0.00053547903366813
uniformCQI-44-20171222-13:13:08-8320;44;Network.user[1];0.00055230326084131
uniformCQI-44-20171222-13:13:08-8320;44;Network.user[2];0.00054102598294196
uniformCQI-44-20171222-13:13:08-8320;44;Network.user[3];0.00051376694383314
uniformCQI-44-20171222-13:13:08-8320;44;Network.user[4];0.00051756078010871
uniformCQI-44-20171222-13:13:08-8320;44;Network.user[5];0.00051217320685604
uniformCQI-44-20171222-13:13:08-8320;44;Network.user[6];0.00057877693813232
uniformCQI-44-20171222-13:13:08-8320;44;Network.user[7];0.00056502882985636
uniformCQI-44-20171222-13:13:08-8320;44;Network.user[8];0.00054982956318482
uniformCQI-44-20171222-13:13:08-8320;44;Network.user[9];0.00053528286071816
uniformCQI-45-20171222-13:13:08-15304;45;Network.user[0];0.00056557590114
uniformCQI-45-20171222-13:13:08-15304;45;Network.user[1];0.00053133128386162
uniformCQI-45-20171222-13:13:08-15304;45;Network.user[2];0.00052810899261118
uniformCQI-45-20171222-13:13:08-15304;45;Network.user[3];0.00054008242550337
uniformCQI-45-20171222-13:13:08-15304;45;Network.user[4];0.00051239709858143
uniformCQI-45-20171222-13:13:08-15304;45;Network.user[5];0.00058432594973468
uniformCQI-45-20171222-13:13:08-15304;45;Network.user[6];0.00056186780856248
uniformCQI-45-20171222-13:13:08-15304;45;Network.user[7];0.00051957733657382
uniformCQI-45-20171222-13:13:08-15304;45;Network.user[8];0.00052693532351137
uniformCQI-45-20171222-13:13:08-15304;45;Network.user[9];0.00055286052614155
uniformCQI-46-20171222-13:13:08-5088;46;Network.user[0];0.00051383657266986
uniformCQI-46-20171222-13:13:08-5088;46;Network.user[1];0.00051272672253219
uniformCQI-46-20171222-13:13:08-5088;46;Network.user[2];0.00052857188309962
uniformCQI-46-20171222-13:13:08-5088;46;Network.user[3];0.00057207202811868
uniformCQI-46-20171222-13:13:08-5088;46;Network.user[4];0.00054732535568942
uniformCQI-46-20171222-13:13:08-5088;46;Network.user[5];0.00056776399172165
uniformCQI-46-20171222-13:13:08-5088;46;Network.user[6];0.00054578693082568
uniformCQI-46-20171222-13:13:08-5088;46;Network.user[7];0.0005640503185613
uniformCQI-46-20171222-13:13:08-5088;46;Network.user[8];0.0005109273765148
uniformCQI-46-20171222-13:13:08-5088;46;Network.user[9];0.00053009255506223
uniformCQI-47-20171222-13:13:08-15288;47;Network.user[0];0.00052080783169048
uniformCQI-47-20171222-13:13:08-15288;47;Network.user[1];0.00053200725266629
uniformCQI-47-20171222-13:13:08-15288;47;Network.user[2];0.00053003054214016
uniformCQI-47-20171222-13:13:08-15288;47;Network.user[3];0.00051675822072624
uniformCQI-47-20171222-13:13:08-15288;47;Network.user[4];0.00056479850510681
uniformCQI-47-20171222-13:13:08-15288;47;Network.user[5];0.00055770681771387
uniformCQI-47-20171222-13:13:08-15288;47;Network.user[6];0.00055797357345724
uniformCQI-47-20171222-13:13:08-15288;47;Network.user[7];0.00056266290608057
uniformCQI-47-20171222-13:13:08-15288;47;Network.user[8];0.00051098184491008
uniformCQI-47-20171222-13:13:08-15288;47;Network.user[9];0.00054899631468896
uniformCQI-48-20171222-13:13:14-8032;48;Network.user[0];0.00055315609044766
uniformCQI-48-20171222-13:13:14-8032;48;Network.user[1];0.00053248875271788
uniformCQI-48-20171222-13:13:14-8032;48;Network.user[2];0.00055119240340427
uniformCQI-48-20171222-13:13:14-8032;48;Network.user[3];0.00057220306739469
uniformCQI-48-20171222-13:13:14-8032;48;Network.user[4];0.00051185481077967
uniformCQI-48-20171222-13:13:14-8032;48;Network.user[5];0.00053783067219631
uniformCQI-48-20171222-13:13:14-8032;48;Network.user[6];0.00051457289183319
uniformCQI-48-20171222-13:13:14-8032;48;Network.user[7];0.00052345123386263
uniformCQI-48-20171222-13:13:14-8032;48;Network.user[8];0.00056525495076875
uniformCQI-48-20171222-13:13:14-8032;48;Network.user[9];0.00053175115769655
uniformCQI-49-20171222-13:13:15-1936;49;Network.user[0];0.00055293812805209
uniformCQI-49-20171222-13:13:15-1936;49;Network.user[1];0.00050789805693096
uniformCQI-49-20171222-13:13:15-1936;49;Network.user[2];0.00055594842600671
uniformCQI-49-20171222-13:13:15-1936;49;Network.user[3];0.00056428998503175
uniformCQI-49-20171222-13:13:15-1936;49;Network.user[4];0.00052214038437669
uniformCQI-49-20171222-13:13:15-1936;49;Network.user[5];0.00052214754365502
uniformCQI-49-20171222-13:13:15-1936;49;Network.user[6];0.00055319032294222
uniformCQI-49-20171222-13:13:15-1936;49;Network.user[7];0.00053810241370107
uniformCQI-49-20171222-13:13:15-1936;49;Network.user[8];0.00056637950587029
uniformCQI-49-20171222-13:13:15-1936;49;Network.user[9];0.00052943308401927
uniformCQI-50-20171222-13:13:15-2532;50;Network.user[0];0.00051626657445425
uniformCQI-50-20171222-13:13:15-2532;50;Network.user[1];0.00051268732850448
uniformCQI-50-20171222-13:13:15-2532;50;Network.user[2];0.00055628475509336
uniformCQI-50-20171222-13:13:15-2532;50;Network.user[3];0.00052790683484673
uniformCQI-50-20171222-13:13:15-2532;50;Network.user[4];0.00054160628386598
uniformCQI-50-20171222-13:13:15-2532;50;Network.user[5];0.0005546637026417
uniformCQI-50-20171222-13:13:15-2532;50;Network.user[6];0.00052192462796111
uniformCQI-50-20171222-13:13:15-2532;50;Network.user[7];0.00057953581353139
uniformCQI-50-20171222-13:13:15-2532;50;Network.user[8];0.00053362709731747
uniformCQI-50-20171222-13:13:15-2532;50;Network.user[9];0.0005756800412195
uniformCQI-51-20171222-13:13:15-10048;51;Network.user[0];0.00054101726963357
uniformCQI-51-20171222-13:13:15-10048;51;Network.user[1];0.00057224199568247
uniformCQI-51-20171222-13:13:15-10048;51;Network.user[2];0.00050811235806638
uniformCQI-51-20171222-13:13:15-10048;51;Network.user[3];0.00055763359118801
uniformCQI-51-20171222-13:13:15-10048;51;Network.user[4];0.00054900163844566
uniformCQI-51-20171222-13:13:15-10048;51;Network.user[5];0.0005344994345563
uniformCQI-51-20171222-13:13:15-10048;51;Network.user[6];0.00051840140090284
uniformCQI-51-20171222-13:13:15-10048;51;Network.user[7];0.00055938248213024
uniformCQI-51-20171222-13:13:15-10048;51;Network.user[8];0.00053798853456326
uniformCQI-51-20171222-13:13:15-10048;51;Network.user[9];0.00051267772608947
uniformCQI-52-20171222-13:13:21-8548;52;Network.user[0];0.00053494094708585
uniformCQI-52-20171222-13:13:21-8548;52;Network.user[1];0.00054379309171697
uniformCQI-52-20171222-13:13:21-8548;52;Network.user[2];0.00051329229583606
uniformCQI-52-20171222-13:13:21-8548;52;Network.user[3];0.00057737206862488
uniformCQI-52-20171222-13:13:21-8548;52;Network.user[4];0.0005400993714982
uniformCQI-52-20171222-13:13:21-8548;52;Network.user[5];0.00050981164721551
uniformCQI-52-20171222-13:13:21-8548;52;Network.user[6];0.00055578529488976
uniformCQI-52-20171222-13:13:21-8548;52;Network.user[7];0.00053991553465059
uniformCQI-52-20171222-13:13:21-8548;52;Network.user[8];0.00056702807477008
uniformCQI-52-20171222-13:13:21-8548;52;Network.user[9];0.00053115449628953
uniformCQI-53-20171222-13:13:21-6084;53;Network.user[0];0.00051792608119689
uniformCQI-53-20171222-13:13:21-6084;53;Network.user[1];0.00053434079379859
uniformCQI-53-20171222-13:13:21-6084;53;Network.user[2];0.00055282501012896
uniformCQI-53-20171222-13:13:21-6084;53;Network.user[3];0.00050179387496892
uniformCQI-53-20171222-13:13:21-6084;53;Network.user[4];0.00053600659883674
uniformCQI-53-20171222-13:13:21-6084;53;Network.user[5];0.00057164562770733
uniformCQI-53-20171222-13:13:21-6084;53;Network.user[6];0.00055466675061246
uniformCQI-53-20171222-13:13:21-6084;53;Network.user[7];0.00052755940856081
uniformCQI-53-20171222-13:13:21-6084;53;Network.user[8];0.00053088026956451
uniformCQI-53-20171222-13:13:21-6084;53;Network.user[9];0.00056903786399266
uniformCQI-54-20171222-13:13:21-9952;54;Network.user[0];0.00057219349344925
uniformCQI-54-20171222-13:13:21-9952;54;Network.user[1];0.00056664899386567
uniformCQI-54-20171222-13:13:21-9952;54;Network.user[2];0.00052181127347088
uniformCQI-54-20171222-13:13:21-9952;54;Network.user[3];0.00052546077282161
uniformCQI-54-20171222-13:13:21-9952;54;Network.user[4];0.00055031454793276
uniformCQI-54-20171222-13:13:21-9952;54;Network.user[5];0.00050965601731224
uniformCQI-54-20171222-13:13:21-9952;54;Network.user[6];0.00054855831835014
uniformCQI-54-20171222-13:13:21-9952;54;Network.user[7];0.0005501065164479
uniformCQI-54-20171222-13:13:21-9952;54;Network.user[8];0.0005201028054083
uniformCQI-54-20171222-13:13:21-9952;54;Network.user[9];0.00056133659627564
uniformCQI-55-20171222-13:13:21-14892;55;Network.user[0];0.00055392702806618
uniformCQI-55-20171222-13:13:21-14892;55;Network.user[1];0.0005805897394431
uniformCQI-55-20171222-13:13:21-14892;55;Network.user[2];0.00053739143361397
uniformCQI-55-20171222-13:13:21-14892;55;Network.user[3];0.00055940517032977
uniformCQI-55-20171222-13:13:21-14892;55;Network.user[4];0.00054814051803341
uniformCQI-55-20171222-13:13:21-14892;55;Network.user[5];0.00053429748887071
uniformCQI-55-20171222-13:13:21-14892;55;Network.user[6];0.00052534212256392
uniformCQI-55-20171222-13:13:21-14892;55;Network.user[7];0.00051384039699647
uniformCQI-55-20171222-13:13:21-14892;55;Network.user[8];0.00054348597963455
uniformCQI-55-20171222-13:13:21-14892;55;Network.user[9];0.00051053033634628
uniformCQI-56-20171222-13:13:27-8144;56;Network.user[0];0.00052927117885201
uniformCQI-56-20171222-13:13:27-8144;56;Network.user[1];0.00054523788551814
uniformCQI-56-20171222-13:13:27-8144;56;Network.user[2];0.00050967951212657
uniformCQI-56-20171222-13:13:27-8144;56;Network.user[3];0.00053350660683789
uniformCQI-56-20171222-13:13:27-8144;56;Network.user[4];0.00052863411408696
uniformCQI-56-20171222-13:13:27-8144;56;Network.user[5];0.00057045520669414
uniformCQI-56-20171222-13:13:27-8144;56;Network.user[6];0.00051530416784407
uniformCQI-56-20171222-13:13:27-8144;56;Network.user[7];0.00055419149422938
uniformCQI-56-20171222-13:13:27-8144;56;Network.user[8];0.00054169778156298
uniformCQI-56-20171222-13:13:27-8144;56;Network.user[9];0.00057864951375612
uniformCQI-57-20171222-13:13:27-7200;57;Network.user[0];0.00053446585411674
uniformCQI-57-20171222-13:13:27-7200;57;Network.user[1];0.00054656619406495
uniformCQI-57-20171222-13:13:27-7200;57;Network.user[2];0.00051197311697637
uniformCQI-57-20171222-13:13:27-7200;57;Network.user[3];0.00052229777232646
uniformCQI-57-20171222-13:13:27-7200;57;Network.user[4];0.00052092005036961
uniformCQI-57-20171222-13:13:27-7200;57;Network.user[5];0.00056769602625618
uniformCQI-57-20171222-13:13:27-7200;57;Network.user[6];0.00056777327883659
uniformCQI-57-20171222-13:13:27-7200;57;Network.user[7];0.00055555270918581
uniformCQI-57-20171222-13:13:27-7200;57;Network.user[8];0.00051574545418172
uniformCQI-57-20171222-13:13:27-7200;57;Network.user[9];0.00056158152566062
uniformCQI-58-20171222-13:13:27-13848;58;Network.user[0];0.00055523023667541
uniformCQI-58-20171222-13:13:27-13848;58;Network.user[1];0.00053038910187965
uniformCQI-58-20171222-13:13:27-13848;58;Network.user[2];0.00056971139312175
uniformCQI-58-20171222-13:13:27-13848;58;Network.user[3];0.00053868845633723
uniformCQI-58-20171222-13:13:27-13848;58;Network.user[4];0.0005439919593328
uniformCQI-58-20171222-13:13:27-13848;58;Network.user[5];0.00051387542793152
uniformCQI-58-20171222-13:13:27-13848;58;Network.user[6];0.0005767873876325
uniformCQI-58-20171222-13:13:27-13848;58;Network.user[7];0.0005281115184077
uniformCQI-58-20171222-13:13:27-13848;58;Network.user[8];0.00051384316458146
uniformCQI-58-20171222-13:13:27-13848;58;Network.user[9];0.00052291635873303
uniformCQI-59-20171222-13:13:27-8388;59;Network.user[0];0.00057909673866645
uniformCQI-59-20171222-13:13:27-8388;59;Network.user[1];0.00051474240757456
uniformCQI-59-20171222-13:13:27-8388;59;Network.user[2];0.00053498890573336
uniformCQI-59-20171222-13:13:27-8388;59;Network.user[3];0.00051693406230968
uniformCQI-59-20171222-13:13:27-8388;59;Network.user[4];0.00051902533337871
uniformCQI-59-20171222-13:13:27-8388;59;Network.user[5];0.00056492238482796
uniformCQI-59-20171222-13:13:27-8388;59;Network.user[6];0.00054722248186607
uniformCQI-59-20171222-13:13:27-8388;59;Network.user[7];0.00054023577852906
uniformCQI-59-20171222-13:13:27-8388;59;Network.user[8];0.00054857202307837
uniformCQI-59-20171222-13:13:27-8388;59;Network.user[9];0.000536242565456
uniformCQI-60-20171222-13:13:33-8168;60;Network.user[0];0.00055541740377654
uniformCQI-60-20171222-13:13:33-8168;60;Network.user[1];0.00052418251505325
uniformCQI-60-20171222-13:13:33-8168;60;Network.user[2];0.00052655141291023
uniformCQI-60-20171222-13:13:33-8168;60;Network.user[3];0.00055563630660883
uniformCQI-60-20171222-13:13:33-8168;60;Network.user[4];0.00054006032114431
uniformCQI-60-20171222-13:13:33-8168;60;Network.user[5];0.00055016547864995
uniformCQI-60-20171222-13:13:33-8168;60;Network.user[6];0.00050661937773588
uniformCQI-60-20171222-13:13:33-8168;60;Network.user[7];0.00057015827326438
uniformCQI-60-20171222-13:13:33-8168;60;Network.user[8];0.0005126203910354
uniformCQI-60-20171222-13:13:33-8168;60;Network.user[9];0.00056057382370411
uniformCQI-61-20171222-13:13:33-2344;61;Network.user[0];0.0005657352087303
uniformCQI-61-20171222-13:13:33-2344;61;Network.user[1];0.00053576948960712
uniformCQI-61-20171222-13:13:33-2344;61;Network.user[2];0.00051746583988371
uniformCQI-61-20171222-13:13:33-2344;61;Network.user[3];0.00055281485244145
uniformCQI-61-20171222-13:13:33-2344;61;Network.user[4];0.00055963623718161
uniformCQI-61-20171222-13:13:33-2344;61;Network.user[5];0.00054275608693773
uniformCQI-61-20171222-13:13:33-2344;61;Network.user[6];0.00057171013106775
uniformCQI-61-20171222-13:13:33-2344;61;Network.user[7];0.00053083176941753
uniformCQI-61-20171222-13:13:33-2344;61;Network.user[8];0.00050906815968714
uniformCQI-61-20171222-13:13:33-2344;61;Network.user[9];0.00051455133683836
uniformCQI-62-20171222-13:13:33-14116;62;Network.user[0];0.00052194132112787
uniformCQI-62-20171222-13:13:33-14116;62;Network.user[1];0.00051233912710114
uniformCQI-62-20171222-13:13:33-14116;62;Network.user[2];0.00056906470421974
uniformCQI-62-20171222-13:13:33-14116;62;Network.user[3];0.00053683602528738
uniformCQI-62-20171222-13:13:33-14116;62;Network.user[4];0.0005407421771053
uniformCQI-62-20171222-13:13:33-14116;62;Network.user[5];0.00051808836123206
uniformCQI-62-20171222-13:13:33-14116;62;Network.user[6];0.00052466295176066
uniformCQI-62-20171222-13:13:33-14116;62;Network.user[7];0.00054161471690186
uniformCQI-62-20171222-13:13:33-14116;62;Network.user[8];0.00057178745582997
uniformCQI-62-20171222-13:13:33-14116;62;Network.user[9];0.0005658538078885
uniformCQI-63-20171222-13:13:34-8304;63;Network.user[0];0.00055391794714386
uniformCQI-63-20171222-13:13:34-8304;63;Network.user[1];0.00051198072829928
uniformCQI-63-20171222-13:13:34-8304;63;Network.user[2];0.00057407557494022
uniformCQI-63-20171222-13:13:34-8304;63;Network.user[3];0.00052610334747012
uniformCQI-63-20171222-13:13:34-8304;63;Network.user[4];0.00055437235687094
uniformCQI-63-20171222-13:13:34-8304;63;Network.user[5];0.00053378043376096
uniformCQI-63-20171222-13:13:34-8304;63;Network.user[6];0.00052971071955122
uniformCQI-63-20171222-13:13:34-8304;63;Network.user[7];0.00051838963302257
uniformCQI-63-20171222-13:13:34-8304;63;Network.user[8];0.00052191944337372
uniformCQI-63-20171222-13:13:34-8304;63;Network.user[9];0.00057293864367582
uniformCQI-64-20171222-13:13:39-12616;64;Network.user[0];0.00053768328481695
uniformCQI-64-20171222-13:13:39-12616;64;Network.user[1];0.00054338488092273
uniformCQI-64-20171222-13:13:39-12616;64;Network.user[2];0.00051952926014264
uniformCQI-64-20171222-13:13:39-12616;64;Network.user[3];0.00051573666358009
uniformCQI-64-20171222-13:13:39-12616;64;Network.user[4];0.00057686067813177
uniformCQI-64-20171222-13:13:39-12616;64;Network.user[5];0.00052870635379617
uniformCQI-64-20171222-13:13:39-12616;64;Network.user[6];0.00055737661228164
uniformCQI-64-20171222-13:13:39-12616;64;Network.user[7];0.00055340853322515
uniformCQI-64-20171222-13:13:39-12616;64;Network.user[8];0.00057346898941004
uniformCQI-64-20171222-13:13:39-12616;64;Network.user[9];0.00051585800669184
uniformCQI-65-20171222-13:13:39-15316;65;Network.user[0];0.00054956985084033
uniformCQI-65-20171222-13:13:39-15316;65;Network.user[1];0.00052507081506221
uniformCQI-65-20171222-13:13:39-15316;65;Network.user[2];0.00051739109059061
uniformCQI-65-20171222-13:13:39-15316;65;Network.user[3];0.00054680583902318
uniformCQI-65-20171222-13:13:39-15316;65;Network.user[4];0.00056414383732911
uniformCQI-65-20171222-13:13:39-15316;65;Network.user[5];0.00055655194459759
uniformCQI-65-20171222-13:13:39-15316;65;Network.user[6];0.00056097525526187
uniformCQI-65-20171222-13:13:39-15316;65;Network.user[7];0.00051621143245275
uniformCQI-65-20171222-13:13:39-15316;65;Network.user[8];0.00054211017473947
uniformCQI-65-20171222-13:13:39-15316;65;Network.user[9];0.00054139214393291
uniformCQI-66-20171222-13:13:40-7012;66;Network.user[0];0.00056662022123081
uniformCQI-66-20171222-13:13:40-7012;66;Network.user[1];0.00056493748099961
uniformCQI-66-20171222-13:13:40-7012;66;Network.user[2];0.00052252765367875
uniformCQI-66-20171222-13:13:40-7012;66;Network.user[3];0.00053173545283419
uniformCQI-66-20171222-13:13:40-7012;66;Network.user[4];0.00051731584869912
uniformCQI-66-20171222-13:13:40-7012;66;Network.user[5];0.00053314537876782
uniformCQI-66-20171222-13:13:40-7012;66;Network.user[6];0.00051240981258235
uniformCQI-66-20171222-13:13:40-7012;66;Network.user[7];0.00056762487831269
uniformCQI-66-20171222-13:13:40-7012;66;Network.user[8];0.00053859663848872
uniformCQI-66-20171222-13:13:40-7012;66;Network.user[9];0.00055952775610946
uniformCQI-67-20171222-13:13:40-4172;67;Network.user[0];0.0005797881152656
uniformCQI-67-20171222-13:13:40-4172;67;Network.user[1];0.00054628693125739
uniformCQI-67-20171222-13:13:40-4172;67;Network.user[2];0.00053398801812121
uniformCQI-67-20171222-13:13:40-4172;67;Network.user[3];0.00052616318238958
uniformCQI-67-20171222-13:13:40-4172;67;Network.user[4];0.00056167246131437
uniformCQI-67-20171222-13:13:40-4172;67;Network.user[5];0.00055259702878094
uniformCQI-67-20171222-13:13:40-4172;67;Network.user[6];0.00051719942727006
uniformCQI-67-20171222-13:13:40-4172;67;Network.user[7];0.00052016438542462
uniformCQI-67-20171222-13:13:40-4172;67;Network.user[8];0.00051685732042921
uniformCQI-67-20171222-13:13:40-4172;67;Network.user[9];0.0005423284634987
uniformCQI-68-20171222-13:13:45-10856;68;Network.user[0];0.00055972637312092
uniformCQI-68-20171222-13:13:45-10856;68;Network.user[1];0.00052919660065222
uniformCQI-68-20171222-13:13:45-10856;68;Network.user[2];0.00051242787770222
uniformCQI-68-20171222-13:13:45-10856;68;Network.user[3];0.00054882825958769
uniformCQI-68-20171222-13:13:45-10856;68;Network.user[4];0.00056783428976782
uniformCQI-68-20171222-13:13:45-10856;68;Network.user[5];0.00051059134572972
uniformCQI-68-20171222-13:13:45-10856;68;Network.user[6];0.00052199557270457
uniformCQI-68-20171222-13:13:45-10856;68;Network.user[7];0.00054803962686218
uniformCQI-68-20171222-13:13:45-10856;68;Network.user[8];0.00057635868651297
uniformCQI-68-20171222-13:13:45-10856;68;Network.user[9];0.00052146168271999
uniformCQI-69-20171222-13:13:46-7192;69;Network.user[0];0.00056881447856165
uniformCQI-69-20171222-13:13:46-7192;69;Network.user[1];0.00056504275416503
uniformCQI-69-20171222-13:13:46-7192;69;Network.user[2];0.00050852055233232
uniformCQI-69-20171222-13:13:46-7192;69;Network.user[3];0.00054255215431615
uniformCQI-69-20171222-13:13:46-7192;69;Network.user[4];0.00057194183142606
uniformCQI-69-20171222-13:13:46-7192;69;Network.user[5];0.00051283316935257
uniformCQI-69-20171222-13:13:46-7192;69;Network.user[6];0.00053229173712436
uniformCQI-69-20171222-13:13:46-7192;69;Network.user[7];0.000554735774748
uniformCQI-69-20171222-13:13:46-7192;69;Network.user[8];0.00052770278429026
uniformCQI-69-20171222-13:13:46-7192;69;Network.user[9];0.00052436766942987
uniformCQI-70-20171222-13:13:46-3644;70;Network.user[0];0.0005151271916576
uniformCQI-70-20171222-13:13:46-3644;70;Network.user[1];0.00057558743001477
uniformCQI-70-20171222-13:13:46-3644;70;Network.user[2];0.00053579913720753
uniformCQI-70-20171222-13:13:46-3644;70;Network.user[3];0.00053613021113453
uniformCQI-70-20171222-13:13:46-3644;70;Network.user[4];0.00056125650476348
uniformCQI-70-20171222-13:13:46-3644;70;Network.user[5];0.00055316282701981
uniformCQI-70-20171222-13:13:46-3644;70;Network.user[6];0.00051269903543956
uniformCQI-70-20171222-13:13:46-3644;70;Network.user[7];0.00051596907936619
uniformCQI-70-20171222-13:13:46-3644;70;Network.user[8];0.00055391178839043
uniformCQI-70-20171222-13:13:46-3644;70;Network.user[9];0.00054042237731151
uniformCQI-71-20171222-13:13:46-3296;71;Network.user[0];0.00057383638974244
uniformCQI-71-20171222-13:13:46-3296;71;Network.user[1];0.00053049000633999
uniformCQI-71-20171222-13:13:46-3296;71;Network.user[2];0.0005373441870535
uniformCQI-71-20171222-13:13:46-3296;71;Network.user[3];0.00053641939022326
uniformCQI-71-20171222-13:13:46-3296;71;Network.user[4];0.00051362655973843
uniformCQI-71-20171222-13:13:46-3296;71;Network.user[5];0.00055370949927658
uniformCQI-71-20171222-13:13:46-3296;71;Network.user[6];0.0005359343670091
uniformCQI-71-20171222-13:13:46-3296;71;Network.user[7];0.00058155273996038
uniformCQI-71-20171222-13:13:46-3296;71;Network.user[8];0.00050948004281078
uniformCQI-71-20171222-13:13:46-3296;71;Network.user[9];0.00053257754009736
uniformCQI-72-20171222-13:13:51-6484;72;Network.user[0];0.0005638321144861
uniformCQI-72-20171222-13:13:51-6484;72;Network.user[1];0.00053847145421461
uniformCQI-72-20171222-13:13:51-6484;72;Network.user[2];0.00058682698734316
uniformCQI-72-20171222-13:13:51-6484;72;Network.user[3];0.0005597941033394
uniformCQI-72-20171222-13:13:51-6484;72;Network.user[4];0.00053811351241409
uniformCQI-72-20171222-13:13:51-6484;72;Network.user[5];0.00051170549509483
uniformCQI-72-20171222-13:13:51-6484;72;Network.user[6];0.00054752483318286
uniformCQI-72-20171222-13:13:51-6484;72;Network.user[7];0.00051936440350293
uniformCQI-72-20171222-13:13:51-6484;72;Network.user[8];0.00053023295800453
uniformCQI-72-20171222-13:13:51-6484;72;Network.user[9];0.00053050103809036
uniformCQI-73-20171222-13:13:52-10596;73;Network.user[0];0.00057057764989698
uniformCQI-73-20171222-13:13:52-10596;73;Network.user[1];0.00051136081343166
uniformCQI-73-20171222-13:13:52-10596;73;Network.user[2];0.00051040230887331
uniformCQI-73-20171222-13:13:52-10596;73;Network.user[3];0.00058190521375081
uniformCQI-73-20171222-13:13:52-10596;73;Network.user[4];0.00054791400046126
uniformCQI-73-20171222-13:13:52-10596;73;Network.user[5];0.00054607181307311
uniformCQI-73-20171222-13:13:52-10596;73;Network.user[6];0.00051594763810239
uniformCQI-73-20171222-13:13:52-10596;73;Network.user[7];0.00053986232710182
uniformCQI-73-20171222-13:13:52-10596;73;Network.user[8];0.00055320114180316
uniformCQI-73-20171222-13:13:52-10596;73;Network.user[9];0.00053314460357797
uniformCQI-74-20171222-13:13:52-11484;74;Network.user[0];0.00051067828402315
uniformCQI-74-20171222-13:13:52-11484;74;Network.user[1];0.00057383244921306
uniformCQI-74-20171222-13:13:52-11484;74;Network.user[2];0.00052003204060266
uniformCQI-74-20171222-13:13:52-11484;74;Network.user[3];0.00055142616101085
uniformCQI-74-20171222-13:13:52-11484;74;Network.user[4];0.00053731346410192
uniformCQI-74-20171222-13:13:52-11484;74;Network.user[5];0.0005379315510938
uniformCQI-74-20171222-13:13:52-11484;74;Network.user[6];0.00055389754270731
uniformCQI-74-20171222-13:13:52-11484;74;Network.user[7];0.00055548116910019
uniformCQI-74-20171222-13:13:52-11484;74;Network.user[8];0.00054282409261972
uniformCQI-74-20171222-13:13:52-11484;74;Network.user[9];0.00052520158086078
uniformCQI-75-20171222-13:13:53-12264;75;Network.user[0];0.00051813722546365
uniformCQI-75-20171222-13:13:53-12264;75;Network.user[1];0.00053587044649282
uniformCQI-75-20171222-13:13:53-12264;75;Network.user[2];0.00057371547447637
uniformCQI-75-20171222-13:13:53-12264;75;Network.user[3];0.00056164404856124
uniformCQI-75-20171222-13:13:53-12264;75;Network.user[4];0.00057094700574892
uniformCQI-75-20171222-13:13:53-12264;75;Network.user[5];0.00050958406284414
uniformCQI-75-20171222-13:13:53-12264;75;Network.user[6];0.00053845172264606
uniformCQI-75-20171222-13:13:53-12264;75;Network.user[7];0.00055113818033011
uniformCQI-75-20171222-13:13:53-12264;75;Network.user[8];0.00052530387246177
uniformCQI-75-20171222-13:13:53-12264;75;Network.user[9];0.00051538457734352
uniformCQI-76-20171222-13:13:58-11356;76;Network.user[0];0.00054565623447228
uniformCQI-76-20171222-13:13:58-11356;76;Network.user[1];0.00057660485587041
uniformCQI-76-20171222-13:13:58-11356;76;Network.user[2];0.00055176923804875
uniformCQI-76-20171222-13:13:58-11356;76;Network.user[3];0.0005406856664655
uniformCQI-76-20171222-13:13:58-11356;76;Network.user[4];0.00051747650586211
uniformCQI-76-20171222-13:13:58-11356;76;Network.user[5];0.00050962104692559
uniformCQI-76-20171222-13:13:58-11356;76;Network.user[6];0.00052019843722276
uniformCQI-76-20171222-13:13:58-11356;76;Network.user[7];0.00052722353067165
uniformCQI-76-20171222-13:13:58-11356;76;Network.user[8];0.00057911405596038
uniformCQI-76-20171222-13:13:58-11356;76;Network.user[9];0.00054129199066637
uniformCQI-77-20171222-13:13:58-11492;77;Network.user[0];0.0005281587921682
uniformCQI-77-20171222-13:13:58-11492;77;Network.user[1];0.00053227002683152
uniformCQI-77-20171222-13:13:58-11492;77;Network.user[2];0.00055005298620335
uniformCQI-77-20171222-13:13:58-11492;77;Network.user[3];0.00057245798981838
uniformCQI-77-20171222-13:13:58-11492;77;Network.user[4];0.00052088984861061
uniformCQI-77-20171222-13:13:58-11492;77;Network.user[5];0.00054956514579827
uniformCQI-77-20171222-13:13:58-11492;77;Network.user[6];0.00053620161761847
uniformCQI-77-20171222-13:13:58-11492;77;Network.user[7];0.00054103625439434
uniformCQI-77-20171222-13:13:58-11492;77;Network.user[8];0.00057313740842134
uniformCQI-77-20171222-13:13:58-11492;77;Network.user[9];0.00051195803882947
uniformCQI-78-20171222-13:13:58-12424;78;Network.user[0];0.00052545002766123
uniformCQI-78-20171222-13:13:58-12424;78;Network.user[1];0.00057797473490108
uniformCQI-78-20171222-13:13:58-12424;78;Network.user[2];0.00057365416432648
uniformCQI-78-20171222-13:13:58-12424;78;Network.user[3];0.00052383282905535
uniformCQI-78-20171222-13:13:58-12424;78;Network.user[4];0.00053603615903774
uniformCQI-78-20171222-13:13:58-12424;78;Network.user[5];0.00052749998727474
uniformCQI-78-20171222-13:13:58-12424;78;Network.user[6];0.00050914401281321
uniformCQI-78-20171222-13:13:58-12424;78;Network.user[7];0.00055146775011024
uniformCQI-78-20171222-13:13:58-12424;78;Network.user[8];0.00055123984045899
uniformCQI-78-20171222-13:13:58-12424;78;Network.user[9];0.00053274868259317
uniformCQI-79-20171222-13:13:59-10312;79;Network.user[0];0.00051050294217502
uniformCQI-79-20171222-13:13:59-10312;79;Network.user[1];0.00051879822105476
uniformCQI-79-20171222-13:13:59-10312;79;Network.user[2];0.00053767439405566
uniformCQI-79-20171222-13:13:59-10312;79;Network.user[3];0.00056981183479651
uniformCQI-79-20171222-13:13:59-10312;79;Network.user[4];0.00054307390292261
uniformCQI-79-20171222-13:13:59-10312;79;Network.user[5];0.00050936393662705
uniformCQI-79-20171222-13:13:59-10312;79;Network.user[6];0.00055445545417743
uniformCQI-79-20171222-13:13:59-10312;79;Network.user[7];0.00055953982671483
uniformCQI-79-20171222-13:13:59-10312;79;Network.user[8];0.00056225100018749
uniformCQI-79-20171222-13:13:59-10312;79;Network.user[9];0.0005345261807819
uniformCQI-80-20171222-13:14:04-6044;80;Network.user[0];0.00050621598223717
uniformCQI-80-20171222-13:14:04-6044;80;Network.user[1];0.00054486574017044
uniformCQI-80-20171222-13:14:04-6044;80;Network.user[2];0.0005747339617963
uniformCQI-80-20171222-13:14:04-6044;80;Network.user[3];0.00056449459344731
uniformCQI-80-20171222-13:14:04-6044;80;Network.user[4];0.00051151301622759
uniformCQI-80-20171222-13:14:04-6044;80;Network.user[5];0.00053078847798167
uniformCQI-80-20171222-13:14:04-6044;80;Network.user[6];0.00052505504280665
uniformCQI-80-20171222-13:14:04-6044;80;Network.user[7];0.00057159982653329
uniformCQI-80-20171222-13:14:04-6044;80;Network.user[8];0.0005437447059555
uniformCQI-80-20171222-13:14:04-6044;80;Network.user[9];0.00053096645788558
uniformCQI-81-20171222-13:14:04-14100;81;Network.user[0];0.00056942945205223
uniformCQI-81-20171222-13:14:04-14100;81;Network.user[1];0.00051692693425248
uniformCQI-81-20171222-13:14:04-14100;81;Network.user[2];0.00052402980487126
uniformCQI-81-20171222-13:14:04-14100;81;Network.user[3];0.00056166895018865
uniformCQI-81-20171222-13:14:04-14100;81;Network.user[4];0.00051129751388163
uniformCQI-81-20171222-13:14:04-14100;81;Network.user[5];0.00053175590790788
uniformCQI-81-20171222-13:14:04-14100;81;Network.user[6];0.00053684641949482
uniformCQI-81-20171222-13:14:04-14100;81;Network.user[7];0.00056261038073196
uniformCQI-81-20171222-13:14:04-14100;81;Network.user[8];0.0005574091134619
uniformCQI-81-20171222-13:14:04-14100;81;Network.user[9];0.00052980856435628
uniformCQI-82-20171222-13:14:05-12992;82;Network.user[0];0.00052313559496422
uniformCQI-82-20171222-13:14:05-12992;82;Network.user[1];0.00052706892749953
uniformCQI-82-20171222-13:14:05-12992;82;Network.user[2];0.00055666559147539
uniformCQI-82-20171222-13:14:05-12992;82;Network.user[3];0.00056663269895104
uniformCQI-82-20171222-13:14:05-12992;82;Network.user[4];0.00055153865027282
uniformCQI-82-20171222-13:14:05-12992;82;Network.user[5];0.00053229764908796
uniformCQI-82-20171222-13:14:05-12992;82;Network.user[6];0.00056087136910274
uniformCQI-82-20171222-13:14:05-12992;82;Network.user[7];0.00057323381950506
uniformCQI-82-20171222-13:14:05-12992;82;Network.user[8];0.00051525491569379
uniformCQI-82-20171222-13:14:05-12992;82;Network.user[9];0.00051827939166654
uniformCQI-83-20171222-13:14:06-13000;83;Network.user[0];0.00053007064927178
uniformCQI-83-20171222-13:14:06-13000;83;Network.user[1];0.00056657874546568
uniformCQI-83-20171222-13:14:06-13000;83;Network.user[2];0.00054498011819987
uniformCQI-83-20171222-13:14:06-13000;83;Network.user[3];0.00052003268754728
uniformCQI-83-20171222-13:14:06-13000;83;Network.user[4];0.00058305099866747
uniformCQI-83-20171222-13:14:06-13000;83;Network.user[5];0.00052693246971508
uniformCQI-83-20171222-13:14:06-13000;83;Network.user[6];0.00056388665725902
uniformCQI-83-20171222-13:14:06-13000;83;Network.user[7];0.0005316064975376
uniformCQI-83-20171222-13:14:06-13000;83;Network.user[8];0.00054093461912762
uniformCQI-83-20171222-13:14:06-13000;83;Network.user[9];0.00051627935184454
uniformCQI-84-20171222-13:14:10-8680;84;Network.user[0];0.00057592318258535
uniformCQI-84-20171222-13:14:10-8680;84;Network.user[1];0.00056024091810282
uniformCQI-84-20171222-13:14:10-8680;84;Network.user[2];0.00051049476529934
uniformCQI-84-20171222-13:14:10-8680;84;Network.user[3];0.00054172373712412
uniformCQI-84-20171222-13:14:10-8680;84;Network.user[4];0.00051249751844884
uniformCQI-84-20171222-13:14:10-8680;84;Network.user[5];0.00052413884862646
uniformCQI-84-20171222-13:14:10-8680;84;Network.user[6];0.00052468884835437
uniformCQI-84-20171222-13:14:10-8680;84;Network.user[7];0.00054385006721917
uniformCQI-84-20171222-13:14:10-8680;84;Network.user[8];0.00055372577324499
uniformCQI-84-20171222-13:14:10-8680;84;Network.user[9];0.00055779178198714
uniformCQI-85-20171222-13:14:10-3488;85;Network.user[0];0.00054689506790589
uniformCQI-85-20171222-13:14:10-3488;85;Network.user[1];0.00051904611506662
uniformCQI-85-20171222-13:14:10-3488;85;Network.user[2];0.00055976144324152
uniformCQI-85-20171222-13:14:10-3488;85;Network.user[3];0.00051805212725286
uniformCQI-85-20171222-13:14:10-3488;85;Network.user[4];0.00050606179966503
uniformCQI-85-20171222-13:14:10-3488;85;Network.user[5];0.00057560151112549
uniformCQI-85-20171222-13:14:10-3488;85;Network.user[6];0.00054246954493834
uniformCQI-85-20171222-13:14:10-3488;85;Network.user[7];0.0005678617918723
uniformCQI-85-20171222-13:14:10-3488;85;Network.user[8];0.00053325424805704
uniformCQI-85-20171222-13:14:10-3488;85;Network.user[9];0.00054402647022114
uniformCQI-86-20171222-13:14:11-14220;86;Network.user[0];0.00051162319153111
uniformCQI-86-20171222-13:14:11-14220;86;Network.user[1];0.0005775673210615
uniformCQI-86-20171222-13:14:11-14220;86;Network.user[2];0.00056142364932896
uniformCQI-86-20171222-13:14:11-14220;86;Network.user[3];0.00053178578565124
uniformCQI-86-20171222-13:14:11-14220;86;Network.user[4];0.00051787876108794
uniformCQI-86-20171222-13:14:11-14220;86;Network.user[5];0.00056063843407513
uniformCQI-86-20171222-13:14:11-14220;86;Network.user[6];0.00055899462609343
uniformCQI-86-20171222-13:14:11-14220;86;Network.user[7];0.00053686217361244
uniformCQI-86-20171222-13:14:11-14220;86;Network.user[8];0.00054546233021239
uniformCQI-86-20171222-13:14:11-14220;86;Network.user[9];0.00050864137848105
uniformCQI-87-20171222-13:14:12-1872;87;Network.user[0];0.00057841589087688
uniformCQI-87-20171222-13:14:12-1872;87;Network.user[1];0.00053175868320193
uniformCQI-87-20171222-13:14:12-1872;87;Network.user[2];0.00054317522542221
uniformCQI-87-20171222-13:14:12-1872;87;Network.user[3];0.00050797341058876
uniformCQI-87-20171222-13:14:12-1872;87;Network.user[4];0.0005110031529506
uniformCQI-87-20171222-13:14:12-1872;87;Network.user[5];0.00054950616535333
uniformCQI-87-20171222-13:14:12-1872;87;Network.user[6];0.00055931593612563
uniformCQI-87-20171222-13:14:12-1872;87;Network.user[7];0.00057505046454926
uniformCQI-87-20171222-13:14:12-1872;87;Network.user[8];0.00052137265792867
uniformCQI-87-20171222-13:14:12-1872;87;Network.user[9];0.0005312959817278
uniformCQI-88-20171222-13:14:17-13680;88;Network.user[0];0.00056590635518947
uniformCQI-88-20171222-13:14:17-13680;88;Network.user[1];0.00053124926144815
uniformCQI-88-20171222-13:14:17-13680;88;Network.user[2];0.00053967514558729
uniformCQI-88-20171222-13:14:17-13680;88;Network.user[3];0.00051196490058946
uniformCQI-88-20171222-13:14:17-13680;88;Network.user[4];0.00054367366863983
uniformCQI-88-20171222-13:14:17-13680;88;Network.user[5];0.00055851402533603
uniformCQI-88-20171222-13:14:17-13680;88;Network.user[6];0.00057483757621886
uniformCQI-88-20171222-13:14:17-13680;88;Network.user[7];0.00053748098666741
uniformCQI-88-20171222-13:14:17-13680;88;Network.user[8];0.00050826569231764
uniformCQI-88-20171222-13:14:17-13680;88;Network.user[9];0.0005248316644923
uniformCQI-89-20171222-13:14:17-12220;89;Network.user[0];0.00053451934315074
uniformCQI-89-20171222-13:14:17-12220;89;Network.user[1];0.00054246704553432
uniformCQI-89-20171222-13:14:17-12220;89;Network.user[2];0.00054888608783922
uniformCQI-89-20171222-13:14:17-12220;89;Network.user[3];0.00057012551740658
uniformCQI-89-20171222-13:14:17-12220;89;Network.user[4];0.0005563985445317
uniformCQI-89-20171222-13:14:17-12220;89;Network.user[5];0.00053306029127401
uniformCQI-89-20171222-13:14:17-12220;89;Network.user[6];0.00051841949695344
uniformCQI-89-20171222-13:14:17-12220;89;Network.user[7];0.00051619463188534
uniformCQI-89-20171222-13:14:17-12220;89;Network.user[8];0.00052117330947367
uniformCQI-89-20171222-13:14:17-12220;89;Network.user[9];0.00057941178166527
uniformCQI-90-20171222-13:14:17-12600;90;Network.user[0];0.00056936260427259
uniformCQI-90-20171222-13:14:17-12600;90;Network.user[1];0.00051978463791812
uniformCQI-90-20171222-13:14:17-12600;90;Network.user[2];0.0005423687809365
uniformCQI-90-20171222-13:14:17-12600;90;Network.user[3];0.00051096446595765
uniformCQI-90-20171222-13:14:17-12600;90;Network.user[4];0.0005535079884317
uniformCQI-90-20171222-13:14:17-12600;90;Network.user[5];0.00052083495637737
uniformCQI-90-20171222-13:14:17-12600;90;Network.user[6];0.00054032238909286
uniformCQI-90-20171222-13:14:17-12600;90;Network.user[7];0.00057824143674845
uniformCQI-90-20171222-13:14:17-12600;90;Network.user[8];0.00054815269651228
uniformCQI-90-20171222-13:14:17-12600;90;Network.user[9];0.00052800507975026
uniformCQI-91-20171222-13:14:18-8244;91;Network.user[0];0.00054031069564142
uniformCQI-91-20171222-13:14:18-8244;91;Network.user[1];0.00057241951761725
uniformCQI-91-20171222-13:14:18-8244;91;Network.user[2];0.00051178051697138
uniformCQI-91-20171222-13:14:18-8244;91;Network.user[3];0.00056450470595975
uniformCQI-91-20171222-13:14:18-8244;91;Network.user[4];0.00054643005159642
uniformCQI-91-20171222-13:14:18-8244;91;Network.user[5];0.00051191123450402
uniformCQI-91-20171222-13:14:18-8244;91;Network.user[6];0.00053729388211504
uniformCQI-91-20171222-13:14:18-8244;91;Network.user[7];0.00051897783637233
uniformCQI-91-20171222-13:14:18-8244;91;Network.user[8];0.0005460287648994
uniformCQI-91-20171222-13:14:18-8244;91;Network.user[9];0.00056117682984705
uniformCQI-92-20171222-13:14:23-11948;92;Network.user[0];0.00056002554558349
uniformCQI-92-20171222-13:14:23-11948;92;Network.user[1];0.00052139843190114
uniformCQI-92-20171222-13:14:23-11948;92;Network.user[2];0.00052281885595426
uniformCQI-92-20171222-13:14:23-11948;92;Network.user[3];0.00057529768900506
uniformCQI-92-20171222-13:14:23-11948;92;Network.user[4];0.00054473359064121
uniformCQI-92-20171222-13:14:23-11948;92;Network.user[5];0.0005437733426775
uniformCQI-92-20171222-13:14:23-11948;92;Network.user[6];0.00052606744767534
uniformCQI-92-20171222-13:14:23-11948;92;Network.user[7];0.00051505412300901
uniformCQI-92-20171222-13:14:23-11948;92;Network.user[8];0.00056392774976288
uniformCQI-92-20171222-13:14:23-11948;92;Network.user[9];0.00054353028566729
uniformCQI-93-20171222-13:14:23-13620;93;Network.user[0];0.0005138359013733
uniformCQI-93-20171222-13:14:23-13620;93;Network.user[1];0.00055217977214375
uniformCQI-93-20171222-13:14:23-13620;93;Network.user[2];0.00053517889407629
uniformCQI-93-20171222-13:14:23-13620;93;Network.user[3];0.00050753217900425
uniformCQI-93-20171222-13:14:23-13620;93;Network.user[4];0.00056606848911315
uniformCQI-93-20171222-13:14:23-13620;93;Network.user[5];0.00053381674045163
uniformCQI-93-20171222-13:14:23-13620;93;Network.user[6];0.00056822608910778
uniformCQI-93-20171222-13:14:23-13620;93;Network.user[7];0.00054567959486933
uniformCQI-93-20171222-13:14:23-13620;93;Network.user[8];0.00055064709744493
uniformCQI-93-20171222-13:14:23-13620;93;Network.user[9];0.0005262796046633
uniformCQI-94-20171222-13:14:23-8960;94;Network.user[0];0.00054939502057092
uniformCQI-94-20171222-13:14:23-8960;94;Network.user[1];0.00052375009669133
uniformCQI-94-20171222-13:14:23-8960;94;Network.user[2];0.00050945090854008
uniformCQI-94-20171222-13:14:23-8960;94;Network.user[3];0.00053849542694714
uniformCQI-94-20171222-13:14:23-8960;94;Network.user[4];0.00057216878149975
uniformCQI-94-20171222-13:14:23-8960;94;Network.user[5];0.00053873402516215
uniformCQI-94-20171222-13:14:23-8960;94;Network.user[6];0.00053480396165046
uniformCQI-94-20171222-13:14:23-8960;94;Network.user[7];0.00055180529477801
uniformCQI-94-20171222-13:14:23-8960;94;Network.user[8];0.00052439673017032
uniformCQI-94-20171222-13:14:23-8960;94;Network.user[9];0.00056080674576969
uniformCQI-95-20171222-13:14:24-196;95;Network.user[0];0.00054517417207451
uniformCQI-95-20171222-13:14:24-196;95;Network.user[1];0.00055223330225633
uniformCQI-95-20171222-13:14:24-196;95;Network.user[2];0.00057530247412917
uniformCQI-95-20171222-13:14:24-196;95;Network.user[3];0.000534868028802
uniformCQI-95-20171222-13:14:24-196;95;Network.user[4];0.00052075454061723
uniformCQI-95-20171222-13:14:24-196;95;Network.user[5];0.00051438943834567
uniformCQI-95-20171222-13:14:24-196;95;Network.user[6];0.00054569362056337
uniformCQI-95-20171222-13:14:24-196;95;Network.user[7];0.00053156101121727
uniformCQI-95-20171222-13:14:24-196;95;Network.user[8];0.00055683684017369
uniformCQI-95-20171222-13:14:24-196;95;Network.user[9];0.00051579618470143
uniformCQI-96-20171222-13:14:29-9684;96;Network.user[0];0.00057454549275497
uniformCQI-96-20171222-13:14:29-9684;96;Network.user[1];0.00055613785182293
uniformCQI-96-20171222-13:14:29-9684;96;Network.user[2];0.00055551042775042
uniformCQI-96-20171222-13:14:29-9684;96;Network.user[3];0.00052902220689925
uniformCQI-96-20171222-13:14:29-9684;96;Network.user[4];0.00052687346733359
uniformCQI-96-20171222-13:14:29-9684;96;Network.user[5];0.00050994234272572
uniformCQI-96-20171222-13:14:29-9684;96;Network.user[6];0.00052556613655051
uniformCQI-96-20171222-13:14:29-9684;96;Network.user[7];0.00052307165597148
uniformCQI-96-20171222-13:14:29-9684;96;Network.user[8];0.00057334344928429
uniformCQI-96-20171222-13:14:29-9684;96;Network.user[9];0.00053024750502127
uniformCQI-97-20171222-13:14:29-8748;97;Network.user[0];0.00051230823324643
uniformCQI-97-20171222-13:14:29-8748;97;Network.user[1];0.00053265446832556
uniformCQI-97-20171222-13:14:29-8748;97;Network.user[2];0.00056450664119576
uniformCQI-97-20171222-13:14:29-8748;97;Network.user[3];0.00053583604003595
uniformCQI-97-20171222-13:14:29-8748;97;Network.user[4];0.00052037063490541
uniformCQI-97-20171222-13:14:29-8748;97;Network.user[5];0.00055147708714096
uniformCQI-97-20171222-13:14:29-8748;97;Network.user[6];0.0005624474811359
uniformCQI-97-20171222-13:14:29-8748;97;Network.user[7];0.00053421008031982
uniformCQI-97-20171222-13:14:29-8748;97;Network.user[8];0.00057183615845743
uniformCQI-97-20171222-13:14:29-8748;97;Network.user[9];0.0005220449501118
uniformCQI-98-20171222-13:14:29-1324;98;Network.user[0];0.00051716833387712
uniformCQI-98-20171222-13:14:29-1324;98;Network.user[1];0.00050921056300317
uniformCQI-98-20171222-13:14:29-1324;98;Network.user[2];0.00057424396576041
uniformCQI-98-20171222-13:14:29-1324;98;Network.user[3];0.00051392630058423
uniformCQI-98-20171222-13:14:29-1324;98;Network.user[4];0.00055537044942372
uniformCQI-98-20171222-13:14:29-1324;98;Network.user[5];0.00056775981718242
uniformCQI-98-20171222-13:14:29-1324;98;Network.user[6];0.00054974475250209
uniformCQI-98-20171222-13:14:29-1324;98;Network.user[7];0.0005347460997236
uniformCQI-98-20171222-13:14:29-1324;98;Network.user[8];0.0005453846407577
uniformCQI-98-20171222-13:14:29-1324;98;Network.user[9];0.00053937782382985
uniformCQI-99-20171222-13:14:30-14096;99;Network.user[0];0.00053314629158131
uniformCQI-99-20171222-13:14:30-14096;99;Network.user[1];0.00052328206423258
uniformCQI-99-20171222-13:14:30-14096;99;Network.user[2];0.00054846082253897
uniformCQI-99-20171222-13:14:30-14096;99;Network.user[3];0.00057434710167821
uniformCQI-99-20171222-13:14:30-14096;99;Network.user[4];0.00053063957873678
uniformCQI-99-20171222-13:14:30-14096;99;Network.user[5];0.00054012239258655
uniformCQI-99-20171222-13:14:30-14096;99;Network.user[6];0.00052500823823269
uniformCQI-99-20171222-13:14:30-14096;99;Network.user[7];0.00054569334345243
uniformCQI-99-20171222-13:14:30-14096;99;Network.user[8];0.00057866564570752
uniformCQI-99-20171222-13:14:30-14096;99;Network.user[9];0.00050739133570251
